Data_Type,Location,Camera_Install_Year,Date_of_Data_Collection,AvgSpeed,Pct85th,PctCompliance,PctHighEndSpeeders,ObjectId
ASE Active ,E007 - Smyth Rd. between Haig Dr. and Edgecomb St. ,2020,July-2021,49,56,64,2.3,1
ASE Active ,E008 - Meadowlands Dr. W. between Winthrow Ave. and Thatcher St.,2020,July-2021,39,45,65,2.2,2
ASE Active ,E001 - Longfields Dr. between Highbury Park Dr. and Via Verona Ave.,2020,August-2021,40,45,63,1.2,3
ASE Active ,E002 - Innes Rd. between Provence Ave. and Trim Rd.,2020,August-2021,59,66,64,1.8,4
ASE Active ,E003 - Bayshore Dr. between Woodridge N Cres. And Woodridge S Cres. ,2020,August-2021,38,46,66,1.8,5
ASE Active ,E004 - Katimavik Rd. between Castlefrank Rd. and McGibbon Dr./Sewall Way,2020,August-2021,41,50,59,6,6
ASE Active ,E005 - Watters Dr. between Charlemagne Blvd. and Roberval Ave. ,2020,August-2021,40,46,61,2.2,7
ASE Active ,E006 - Ogilvie Rd. between Appleford St. and Elmlea Gate,2020,August-2021,50,57,60,2.6,8
ASE Active ,E007 - Smyth Rd. between Haig Dr. and Edgecomb St. ,2020,August-2021,49,56,65,2.3,9
ASE Active ,E008 - Meadowlands Dr. W. between Winthrow Ave. and Thatcher St.,2020,August-2021,39,45,67,2,10
ASE Active ,E001 - Longfields Dr. between Highbury Park Dr. and Via Verona Ave.,2020,September-2021,39,44,68,0.9,11
ASE Active ,E002 - Innes Rd. between Provence Ave. and Trim Rd.,2020,September-2021,58,65,67,1.5,12
ASE Active ,E003 - Bayshore Dr. between Woodridge N Cres. And Woodridge S Cres. ,2020,September-2021,37,46,69,1.7,13
ASE Active ,E004 - Katimavik Rd. between Castlefrank Rd. and McGibbon Dr./Sewall Way,2020,September-2021,40,49,63,4.8,14
ASE Active ,E005 - Watters Dr. between Charlemagne Blvd. and Roberval Ave. ,2020,September-2021,39,44,68,1.3,15
ASE Active ,E006 - Ogilvie Rd. between Appleford St. and Elmlea Gate,2020,September-2021,48,56,66,2.1,16
ASE Active ,E007 - Smyth Rd. between Haig Dr. and Edgecomb St. ,2020,September-2021,47,55,70,1.8,17
ASE Active ,E008 - Meadowlands Dr. W. between Winthrow Ave. and Thatcher St.,2020,September-2021,38,44,71,1.8,18
ASE Active ,E001 - Longfields Dr. between Highbury Park Dr. and Via Verona Ave.,2020,October-2021,39,44,70,0.8,19
ASE Active ,E002 - Innes Rd. between Provence Ave. and Trim Rd.,2020,October-2021,58,65,68,1.5,20
ASE Active ,E003 - Bayshore Dr. between Woodridge N Cres. And Woodridge S Cres. ,2020,October-2021,37,46,69,1.8,21
ASE Active ,E004 - Katimavik Rd. between Castlefrank Rd. and McGibbon Dr./Sewall Way,2020,October-2021,40,49,63,5.1,22
ASE Active ,E005 - Watters Dr. between Charlemagne Blvd. and Roberval Ave. ,2020,October-2021,39,44,69,1.5,23
ASE Active ,E006 - Ogilvie Rd. between Appleford St. and Elmlea Gate,2020,October-2021,49,56,66,2.1,24
ASE Active ,E007 - Smyth Rd. between Haig Dr. and Edgecomb St. ,2020,October-2021,47,55,71,1.7,25
ASE Active ,E008 - Meadowlands Dr. W. between Winthrow Ave. and Thatcher St.,2020,October-2021,38,44,72,1.7,26
ASE Active ,E001 - Longfields Dr. between Highbury Park Dr. and Via Verona Ave.,2020,November-2021,38,43,72,0.8,27
ASE Active ,E002 - Innes Rd. between Provence Ave. and Trim Rd.,2020,November-2021,58,65,69,1.5,28
ASE Active ,E003 - Bayshore Dr. between Woodridge N Cres. And Woodridge S Cres. ,2020,November-2021,37,45,70,1.7,29
ASE Active ,E004 - Katimavik Rd. between Castlefrank Rd. and McGibbon Dr./Sewall Way,2020,November-2021,39,48,66,4.3,30
ASE Active ,E005 - Watters Dr. between Charlemagne Blvd. and Roberval Ave. ,2020,November-2021,39,44,69,1.5,31
ASE Active ,E006 - Ogilvie Rd. between Appleford St. and Elmlea Gate,2020,November-2021,49,56,66,2.3,32
ASE Active ,E007 - Smyth Rd. between Haig Dr. and Edgecomb St. ,2020,November-2021,47,54,72,1.7,33
ASE Active ,E008 - Meadowlands Dr. W. between Winthrow Ave. and Thatcher St.,2020,November-2021,38,43,74,1.6,34
ASE Active ,E001 - Longfields Dr. between Highbury Park Dr. and Via Verona Ave.,2020,December-2021,38,43,74,0.6,35
Pre ASE Installation,E001 - Longfields Dr. between Highbury Park Dr. and Via Verona Ave.,2020,June-2019,48,55,14,12,36
ASE Active ,E002 - Innes Rd. between Provence Ave. and Trim Rd.,2020,December-2021,57,64,74,1.2,37
ASE Active ,E003 - Bayshore Dr. between Woodridge N Cres. And Woodridge S Cres. ,2020,December-2021,37,45,71,1.4,38
ASE Active ,E004 - Katimavik Rd. between Castlefrank Rd. and McGibbon Dr./Sewall Way,2020,December-2021,39,47,67,3.7,39
ASE Active ,E005 - Watters Dr. between Charlemagne Blvd. and Roberval Ave. ,2020,December-2021,38,44,72,1.3,40
ASE Active ,E006 - Ogilvie Rd. between Appleford St. and Elmlea Gate,2020,December-2021,48,55,70,1.6,41
ASE Active ,E007 - Smyth Rd. between Haig Dr. and Edgecomb St. ,2020,December-2021,46,54,74,1.6,42
ASE Active ,E008 - Meadowlands Dr. W. between Winthrow Ave. and Thatcher St.,2020,December-2021,38,43,75,1.6,43
ASE Active ,E001 - Longfields Dr. between Highbury Park Dr. and Via Verona Ave.,2020,January-2022,37,42,77,0.6,44
ASE Active ,E002 - Innes Rd. between Provence Ave. and Trim Rd.,2020,January-2022,57,64,73,1.3,45
ASE Active ,E003 - Bayshore Dr. between Woodridge N Cres. And Woodridge S Cres. ,2020,January-2022,37,45,72,1.4,46
ASE Active ,E004 - Katimavik Rd. between Castlefrank Rd. and McGibbon Dr./Sewall Way,2020,January-2022,38,47,70,3.5,47
ASE Active ,E005 - Watters Dr. between Charlemagne Blvd. and Roberval Ave. ,2020,January-2022,38,44,73,1.5,48
ASE Active ,E006 - Ogilvie Rd. between Appleford St. and Elmlea Gate,2020,January-2022,47,54,71,1.5,49
ASE Active ,E007 - Smyth Rd. between Haig Dr. and Edgecomb St. ,2020,January-2022,46,54,75,1.5,50
ASE Active ,E008 - Meadowlands Dr. W. between Winthrow Ave. and Thatcher St.,2020,January-2022,38,43,74,1.7,51
Pre ASE Installation,E002 - Innes Rd. between Provence Ave. and Trim Rd.,2020,May-2019,66,74,23,11,52
Pre ASE Installation,E003 - Bayshore Dr. between Woodridge N Cres. And Woodridge S Cres. ,2020,June-2018,48,54,14,12,53
Pre ASE Installation,E004 - Katimavik Rd. between Castlefrank Rd. and McGibbon Dr./Sewall Way,2020,September-2018,49,56,12,17,54
Pre ASE Installation,E005 - Watters Dr. between Charlemagne Blvd. and Roberval Ave. ,2020,May-2019,50,58,10,22,55
Pre ASE Installation,E006 - Ogilvie Rd. between Appleford St. and Elmlea Gate,2020,May-2019,58,66,17,16,56
Pre ASE Installation,E007 - Smyth Rd. between Haig Dr. and Edgecomb St. ,2020,N/A,N/A,63,28,9,57
Pre ASE Installation,E008 - Meadowlands Dr. W. between Winthrow Ave. and Thatcher St.,2020,June-2018,46,52,16,8,58
ASE Active ,E002 - Innes Rd. between Provence Ave. and Trim Rd.,2020,July-2020,62,71,44,6.1,59
ASE Active ,E003 - Bayshore Dr. between Woodridge N Cres. And Woodridge S Cres. ,2020,July-2020,44,53,32,8.7,60
ASE Active ,E007 - Smyth Rd. between Haig Dr. and Edgecomb St. ,2020,July-2020,53,61,43,7.2,61
ASE Active ,E008 - Meadowlands Dr. W. between Winthrow Ave. and Thatcher St.,2020,July-2020,42,50,45,5.5,62
ASE Active ,E002 - Innes Rd. between Provence Ave. and Trim Rd.,2020,August-2020,62,70,46,5.3,63
ASE Active ,E003 - Bayshore Dr. between Woodridge N Cres. And Woodridge S Cres. ,2020,August-2020,42,51,41,5.5,64
ASE Active ,E004 - Katimavik Rd. between Castlefrank Rd. and McGibbon Dr./Sewall Way,2020,August-2020,45,54,31,12.2,65
ASE Active ,E006 - Ogilvie Rd. between Appleford St. and Elmlea Gate,2020,August-2020,55,64,30,10.9,66
ASE Active ,E007 - Smyth Rd. between Haig Dr. and Edgecomb St. ,2020,August-2020,53,61,43,6.8,67
ASE Active ,E008 - Meadowlands Dr. W. between Winthrow Ave. and Thatcher St.,2020,August-2020,42,50,47,5.2,68
ASE Active ,E002 - Innes Rd. between Provence Ave. and Trim Rd.,2020,September-2020,60,68,56,3.3,69
ASE Active ,E003 - Bayshore Dr. between Woodridge N Cres. And Woodridge S Cres. ,2020,September-2020,40,49,54,3.9,70
ASE Active ,E004 - Katimavik Rd. between Castlefrank Rd. and McGibbon Dr./Sewall Way,2020,September-2020,44,54,41,10.2,71
ASE Active ,E006 - Ogilvie Rd. between Appleford St. and Elmlea Gate,2020,September-2020,53,63,38,8.8,72
ASE Active ,E007 - Smyth Rd. between Haig Dr. and Edgecomb St. ,2020,September-2020,N/A,0,0,0,73
ASE Active ,E008 - Meadowlands Dr. W. between Winthrow Ave. and Thatcher St.,2020,September-2020,N/A,0,0,0,74
ASE Active ,E002 - Innes Rd. between Provence Ave. and Trim Rd.,2020,October-2020,59,67,60,2.7,75
ASE Active ,E003 - Bayshore Dr. between Woodridge N Cres. And Woodridge S Cres. ,2020,October-2020,39,48,59,3.4,76
ASE Active ,E004 - Katimavik Rd. between Castlefrank Rd. and McGibbon Dr./Sewall Way,2020,October-2020,43,53,47,8.8,77
ASE Active ,E006 - Ogilvie Rd. between Appleford St. and Elmlea Gate,2020,October-2020,52,62,42,7.8,78
ASE Active ,E007 - Smyth Rd. between Haig Dr. and Edgecomb St. ,2020,October-2020,N/A,0,0,0,79
ASE Active ,E008 - Meadowlands Dr. W. between Winthrow Ave. and Thatcher St.,2020,October-2020,N/A,0,0,0,80
ASE Active ,E001 - Longfields Dr. between Highbury Park Dr. and Via Verona Ave.,2020,November-2020,41,48,50,2.9,81
ASE Active ,E002 - Innes Rd. between Provence Ave. and Trim Rd.,2020,November-2020,58,66,64,2.1,82
ASE Active ,E003 - Bayshore Dr. between Woodridge N Cres. And Woodridge S Cres. ,2020,November-2020,38,47,64,2.5,83
ASE Active ,E004 - Katimavik Rd. between Castlefrank Rd. and McGibbon Dr./Sewall Way,2020,November-2020,N/A,0,0,0,84
ASE Active ,E005 - Watters Dr. between Charlemagne Blvd. and Roberval Ave. ,2020,November-2020,41,48,55,3.5,85
ASE Active ,E006 - Ogilvie Rd. between Appleford St. and Elmlea Gate,2020,November-2020,N/A,0,0,0,86
ASE Active ,E007 - Smyth Rd. between Haig Dr. and Edgecomb St. ,2020,November-2020,N/A,0,0,0,87
ASE Active ,E008 - Meadowlands Dr. W. between Winthrow Ave. and Thatcher St.,2020,November-2020,N/A,0,0,0,88
ASE Active ,E001 - Longfields Dr. between Highbury Park Dr. and Via Verona Ave.,2020,December-2020,41,48,53,2.5,89
ASE Active ,E002 - Innes Rd. between Provence Ave. and Trim Rd.,2020,December-2020,59,66,63,2.3,90
ASE Active ,E003 - Bayshore Dr. between Woodridge N Cres. And Woodridge S Cres. ,2020,December-2020,38,47,62,2.7,91
ASE Active ,E004 - Katimavik Rd. between Castlefrank Rd. and McGibbon Dr./Sewall Way,2020,December-2020,N/A,0,0,0,92
ASE Active ,E005 - Watters Dr. between Charlemagne Blvd. and Roberval Ave. ,2020,December-2020,41,48,55,3.5,93
ASE Active ,E006 - Ogilvie Rd. between Appleford St. and Elmlea Gate,2020,December-2020,N/A,0,0,0,94
ASE Active ,E007 - Smyth Rd. between Haig Dr. and Edgecomb St. ,2020,December-2020,50,58,58,4.2,95
ASE Active ,E008 - Meadowlands Dr. W. between Winthrow Ave. and Thatcher St.,2020,December-2020,40,46,62,3,96
ASE Active ,E001 - Longfields Dr. between Highbury Park Dr. and Via Verona Ave.,2020,January-2021,40,47,59,1.9,97
ASE Active ,E002 - Innes Rd. between Provence Ave. and Trim Rd.,2020,January-2021,59,66,63,2.4,98
ASE Active ,E003 - Bayshore Dr. between Woodridge N Cres. And Woodridge S Cres. ,2020,January-2021,38,47,66,2.5,99
ASE Active ,E004 - Katimavik Rd. between Castlefrank Rd. and McGibbon Dr./Sewall Way,2020,January-2021,N/A,0,0,0,100
ASE Active ,E005 - Watters Dr. between Charlemagne Blvd. and Roberval Ave. ,2020,January-2021,40,47,58,3.2,101
ASE Active ,E006 - Ogilvie Rd. between Appleford St. and Elmlea Gate,2020,January-2021,N/A,0,0,0,102
ASE Active ,E007 - Smyth Rd. between Haig Dr. and Edgecomb St. ,2020,January-2021,49,57,61,3.4,103
ASE Active ,E008 - Meadowlands Dr. W. between Winthrow Ave. and Thatcher St.,2020,January-2021,39,45,65,2.7,104
ASE Active ,E001 - Longfields Dr. between Highbury Park Dr. and Via Verona Ave.,2020,February-2021,39,45,66,1.1,105
ASE Active ,E002 - Innes Rd. between Provence Ave. and Trim Rd.,2020,February-2021,57,65,68,1.7,106
ASE Active ,E003 - Bayshore Dr. between Woodridge N Cres. And Woodridge S Cres. ,2020,February-2021,37,46,68,0.2,107
ASE Active ,E004 - Katimavik Rd. between Castlefrank Rd. and McGibbon Dr./Sewall Way,2020,February-2021,41,51,55,6.3,108
ASE Active ,E005 - Watters Dr. between Charlemagne Blvd. and Roberval Ave. ,2020,February-2021,38,45,69,1.7,109
ASE Active ,E006 - Ogilvie Rd. between Appleford St. and Elmlea Gate,2020,February-2021,49,57,60,2.9,110
ASE Active ,E007 - Smyth Rd. between Haig Dr. and Edgecomb St. ,2020,February-2021,47,55,70,2.1,111
ASE Active ,E008 - Meadowlands Dr. W. between Winthrow Ave. and Thatcher St.,2020,February-2021,39,44,70,1.9,112
ASE Active ,E001 - Longfields Dr. between Highbury Park Dr. and Via Verona Ave.,2020,March-2021,40,45,63,1.2,113
ASE Active ,E002 - Innes Rd. between Provence Ave. and Trim Rd.,2020,March-2021,59,66,63,2.1,114
ASE Active ,E003 - Bayshore Dr. between Woodridge N Cres. And Woodridge S Cres. ,2020,March-2021,38,47,65,2.4,115
ASE Active ,E004 - Katimavik Rd. between Castlefrank Rd. and McGibbon Dr./Sewall Way,2020,March-2021,41,51,56,6.4,116
ASE Active ,E005 - Watters Dr. between Charlemagne Blvd. and Roberval Ave. ,2020,March-2021,40,46,63,2.1,117
ASE Active ,E006 - Ogilvie Rd. between Appleford St. and Elmlea Gate,2020,March-2021,50,58,55,3.7,118
ASE Active ,E007 - Smyth Rd. between Haig Dr. and Edgecomb St. ,2020,March-2021,48,56,67,2.4,119
ASE Active ,E008 - Meadowlands Dr. W. between Winthrow Ave. and Thatcher St.,2020,March-2021,39,44,69,2.1,120
ASE Active ,E001 - Longfields Dr. between Highbury Park Dr. and Via Verona Ave.,2020,April-2021,40,45,62,1.3,121
ASE Active ,E002 - Innes Rd. between Provence Ave. and Trim Rd.,2020,April-2021,59,66,62,2.1,122
ASE Active ,E003 - Bayshore Dr. between Woodridge N Cres. And Woodridge S Cres. ,2020,April-2021,38,46,67,2.3,123
ASE Active ,E004 - Katimavik Rd. between Castlefrank Rd. and McGibbon Dr./Sewall Way,2020,April-2021,41,50,59,5.4,124
ASE Active ,E005 - Watters Dr. between Charlemagne Blvd. and Roberval Ave. ,2020,April-2021,40,46,61,2.4,125
ASE Active ,E006 - Ogilvie Rd. between Appleford St. and Elmlea Gate,2020,April-2021,50,58,55,3.7,126
ASE Active ,E007 - Smyth Rd. between Haig Dr. and Edgecomb St. ,2020,April-2021,49,56,65,2.6,127
ASE Active ,E008 - Meadowlands Dr. W. between Winthrow Ave. and Thatcher St.,2020,April-2021,39,44,68,2,128
ASE Active ,E001 - Longfields Dr. between Highbury Park Dr. and Via Verona Ave.,2020,May-2021,40,45,63,1.2,129
ASE Active ,E002 - Innes Rd. between Provence Ave. and Trim Rd.,2020,May-2021,59,66,63,2.1,130
ASE Active ,E003 - Bayshore Dr. between Woodridge N Cres. And Woodridge S Cres. ,2020,May-2021,38,46,67,2.2,131
ASE Active ,E004 - Katimavik Rd. between Castlefrank Rd. and McGibbon Dr./Sewall Way,2020,May-2021,41,50,59,5.6,132
ASE Active ,E005 - Watters Dr. between Charlemagne Blvd. and Roberval Ave. ,2020,May-2021,40,46,60,2.2,133
ASE Active ,E006 - Ogilvie Rd. between Appleford St. and Elmlea Gate,2020,May-2021,50,58,57,3.1,134
ASE Active ,E007 - Smyth Rd. between Haig Dr. and Edgecomb St. ,2020,May-2021,49,56,64,2.6,135
ASE Active ,E008 - Meadowlands Dr. W. between Winthrow Ave. and Thatcher St.,2020,May-2021,39,45,66,2.2,136
ASE Active ,E001 - Longfields Dr. between Highbury Park Dr. and Via Verona Ave.,2020,June-2021,40,45,62,1.2,137
ASE Active ,E002 - Innes Rd. between Provence Ave. and Trim Rd.,2020,June-2021,59,66,62,2,138
ASE Active ,E003 - Bayshore Dr. between Woodridge N Cres. And Woodridge S Cres. ,2020,June-2021,37,46,67,2,139
ASE Active ,E004 - Katimavik Rd. between Castlefrank Rd. and McGibbon Dr./Sewall Way,2020,June-2021,41,50,58,5.7,140
ASE Active ,E005 - Watters Dr. between Charlemagne Blvd. and Roberval Ave. ,2020,June-2021,40,46,62,1.9,141
ASE Active ,E006 - Ogilvie Rd. between Appleford St. and Elmlea Gate,2020,June-2021,49,56,61,2.4,142
ASE Active ,E007 - Smyth Rd. between Haig Dr. and Edgecomb St. ,2020,June-2021,49,56,65,2.2,143
ASE Active ,E008 - Meadowlands Dr. W. between Winthrow Ave. and Thatcher St.,2020,June-2021,39,45,66,2.1,144
ASE Active ,E001 - Longfields Dr. between Highbury Park Dr. and Via Verona Ave.,2020,July-2021,40,45,63,1.1,145
ASE Active ,E002 - Innes Rd. between Provence Ave. and Trim Rd.,2020,July-2021,59,66,62,1.9,146
ASE Active ,E003 - Bayshore Dr. between Woodridge N Cres. And Woodridge S Cres. ,2020,July-2021,38,46,66,1.9,147
ASE Active ,E004 - Katimavik Rd. between Castlefrank Rd. and McGibbon Dr./Sewall Way,2020,July-2021,41,50,57,5.9,148
ASE Active ,E005 - Watters Dr. between Charlemagne Blvd. and Roberval Ave. ,2020,July-2021,40,46,59,2.2,149
ASE Active ,E006 - Ogilvie Rd. between Appleford St. and Elmlea Gate,2020,July-2021,49,57,60,2.9,150
ASE Active ,E001 - Longfields Dr. between Highbury Park Dr. and Via Verona Ave.,2020,February-2022,37,42,79,0.4,151
ASE Active ,E002 - Innes Rd. between Provence Ave. and Trim Rd.,2020,February-2022,56,63,75,1.1,152
ASE Active ,E003 - Bayshore Dr. between Woodridge N Cres. And Woodridge S Cres. ,2020,February-2022,36,44,74,1.1,153
ASE Active ,E004 - Katimavik Rd. between Castlefrank Rd. and McGibbon Dr./Sewall Way,2020,February-2022,38,46,71,2.9,154
ASE Active ,E005 - Watters Dr. between Charlemagne Blvd. and Roberval Ave. ,2020,February-2022,37,43,76,1,155
ASE Active ,E006 - Ogilvie Rd. between Appleford St. and Elmlea Gate,2020,February-2022,47,54,72,1.4,156
ASE Active ,E007 - Smyth Rd. between Haig Dr. and Edgecomb St. ,2020,February-2022,46,53,76,1.3,157
ASE Active ,E008 - Meadowlands Dr. W. between Winthrow Ave. and Thatcher St.,2020,February-2022,38,43,76,1.4,158
ASE Active ,E001 - Longfields Dr. between Highbury Park Dr. and Via Verona Ave.,2020,March-2022,38,43,73,0.7,159
ASE Active ,E002 - Innes Rd. between Provence Ave. and Trim Rd.,2020,March-2022,58,64,70,1.4,160
ASE Active ,E003 - Bayshore Dr. between Woodridge N Cres. And Woodridge S Cres. ,2020,March-2022,37,45,70,1.6,161
ASE Active ,E004 - Katimavik Rd. between Castlefrank Rd. and McGibbon Dr./Sewall Way,2020,March-2022,39,48,68,3.7,162
ASE Active ,E005 - Watters Dr. between Charlemagne Blvd. and Roberval Ave. ,2020,March-2022,38,44,70,1.4,163
ASE Active ,E006 - Ogilvie Rd. between Appleford St. and Elmlea Gate,2020,March-2022,48,55,69,1.6,164
ASE Active ,E007 - Smyth Rd. between Haig Dr. and Edgecomb St. ,2020,March-2022,46,53,76,1.2,165
ASE Active ,E008 - Meadowlands Dr. W. between Winthrow Ave. and Thatcher St.,2020,March-2022,38,43,75,1.5,166
ASE Active ,E001 - Longfields Dr. between Highbury Park Dr. and Via Verona Ave.,2020,April-2022,38,43,73,0.7,167
ASE Active ,E002 - Innes Rd. between Provence Ave. and Trim Rd.,2020,April-2022,57,64,72,1.2,168
ASE Active ,E003 - Bayshore Dr. between Woodridge N Cres. And Woodridge S Cres. ,2020,April-2022,37,45,71,1.5,169
ASE Active ,E004 - Katimavik Rd. between Castlefrank Rd. and McGibbon Dr./Sewall Way,2020,April-2022,39,47,69,3.5,170
ASE Active ,E005 - Watters Dr. between Charlemagne Blvd. and Roberval Ave. ,2020,April-2022,38,43,73,1.2,171
ASE Active ,E006 - Ogilvie Rd. between Appleford St. and Elmlea Gate,2020,April-2022,48,55,69,1.7,172
ASE Active ,E007 - Smyth Rd. between Haig Dr. and Edgecomb St. ,2020,April-2022,46,53,75,1.3,173
ASE Active ,E008 - Meadowlands Dr. W. between Winthrow Ave. and Thatcher St.,2020,April-2022,38,43,75,1.4,174
ASE Active ,E001 - Longfields Dr. between Highbury Park Dr. and Via Verona Ave.,2020,May-2022,38,43,74,0.5,175
ASE Active ,E002 - Innes Rd. between Provence Ave. and Trim Rd.,2020,May-2022,57,64,73,1,176
ASE Active ,E003 - Bayshore Dr. between Woodridge N Cres. And Woodridge S Cres. ,2020,May-2022,37,45,70,1.3,177
ASE Active ,E004 - Katimavik Rd. between Castlefrank Rd. and McGibbon Dr./Sewall Way,2020,May-2022,39,46,69,3.2,178
ASE Active ,E005 - Watters Dr. between Charlemagne Blvd. and Roberval Ave. ,2020,May-2022,38,43,76,0.9,179
ASE Active ,E006 - Ogilvie Rd. between Appleford St. and Elmlea Gate,2020,May-2022,47,54,72,1.5,180
ASE Active ,E007 - Smyth Rd. between Haig Dr. and Edgecomb St. ,2020,May-2022,46,53,76,1,181
ASE Active ,E008 - Meadowlands Dr. W. between Winthrow Ave. and Thatcher St.,2020,May-2022,38,43,75,1.3,182
ASE Active ,E001 - Longfields Dr. between Highbury Park Dr. and Via Verona Ave.,2020,June-2022,38,42,75,0.4,183
ASE Active ,E002 - Innes Rd. between Provence Ave. and Trim Rd.,2020,June-2022,57,64,71,1.1,184
ASE Active ,E003 - Bayshore Dr. between Woodridge N Cres. And Woodridge S Cres. ,2020,June-2022,37,45,70,1.3,185
ASE Active ,E004 - Katimavik Rd. between Castlefrank Rd. and McGibbon Dr./Sewall Way,2020,June-2022,39,46,69,2.9,186
ASE Active ,E005 - Watters Dr. between Charlemagne Blvd. and Roberval Ave. ,2020,June-2022,37,42,77,0.8,187
ASE Active ,E006 - Ogilvie Rd. between Appleford St. and Elmlea Gate,2020,June-2022,48,54,71,1.2,188
ASE Active ,E007 - Smyth Rd. between Haig Dr. and Edgecomb St. ,2020,June-2022,46,53,75,1.2,189
ASE Active ,E008 - Meadowlands Dr. W. between Winthrow Ave. and Thatcher St.,2020,June-2022,38,43,74,1.4,190
ASE Active ,E001 - Longfields Dr. between Highbury Park Dr. and Via Verona Ave.,2020,July-2022,39,43,71,0.6,191
ASE Active ,E002 - Innes Rd. between Provence Ave. and Trim Rd.,2020,July-2022,58,65,68,1.4,192
ASE Active ,E003 - Bayshore Dr. between Woodridge N Cres. And Woodridge S Cres. ,2020,July-2022,37,45,69,1.3,193
ASE Active ,E004 - Katimavik Rd. between Castlefrank Rd. and McGibbon Dr./Sewall Way,2020,July-2022,39,47,66,3.6,194
ASE Active ,E005 - Watters Dr. between Charlemagne Blvd. and Roberval Ave. ,2020,July-2022,38,43,73,1.2,195
ASE Active ,E006 - Ogilvie Rd. between Appleford St. and Elmlea Gate,2020,July-2022,48,55,67,1.6,196
ASE Active ,E007 - Smyth Rd. between Haig Dr. and Edgecomb St. ,2020,July-2022,48,54,69,1.4,197
ASE Active ,E008 - Meadowlands Dr. W. between Winthrow Ave. and Thatcher St.,2020,July-2022,39,44,71,1.7,198
ASE Active ,E001 - Longfields Dr. between Highbury Park Dr. and Via Verona Ave.,2020,August-2022,39,43,73,0.6,199
ASE Active ,E002 - Innes Rd. between Provence Ave. and Trim Rd.,2020,August-2022,58,64,70,1.1,200
ASE Active ,E001 - Longfields Dr. between Highbury Park Dr. and Via Verona Ave.,2020,March-2024,36,40,88,0.1,201
ASE Active ,E002 - Innes Rd. between Provence Ave. and Trim Rd.,2020,March-2024,55,61,83,0.5,202
ASE Active ,E003 - Bayshore Dr. between Woodridge N Cres. And Woodridge S Cres. ,2020,March-2024,35,42,81,0.5,203
ASE Active ,E004 - Katimavik Rd. between Castlefrank Rd. and McGibbon Dr./Sewall Way,2020,March-2024,37,42,79,1.7,204
ASE Active ,E005 - Watters Dr. between Charlemagne Blvd. and Roberval Ave. ,2020,March-2024,37,41,83,0.4,205
ASE Active ,E006 - Ogilvie Rd. between Appleford St. and Elmlea Gate,2020,March-2024,46,51,81,0.5,206
ASE Active ,E007 - Smyth Rd. between Haig Dr. and Edgecomb St. ,2020,March-2024,44,50,88,0.3,207
ASE Active ,E008 - Meadowlands Dr. W. between Winthrow Ave. and Thatcher St.,2020,March-2024,36,40,86,0.5,208
ASE Active ,E001 - Longfields Dr. between Highbury Park Dr. and Via Verona Ave.,2020,April-2024,36,40,89,0.1,209
ASE Active ,E002 - Innes Rd. between Provence Ave. and Trim Rd.,2020,April-2024,55,60,85,0.3,210
ASE Active ,E003 - Bayshore Dr. between Woodridge N Cres. And Woodridge S Cres. ,2020,April-2024,35,41,83,0.4,211
ASE Active ,E004 - Katimavik Rd. between Castlefrank Rd. and McGibbon Dr./Sewall Way,2020,April-2024,36,42,81,1.3,212
ASE Active ,E005 - Watters Dr. between Charlemagne Blvd. and Roberval Ave. ,2020,April-2024,37,41,84,0.3,213
ASE Active ,E006 - Ogilvie Rd. between Appleford St. and Elmlea Gate,2020,April-2024,46,51,83,0.4,214
ASE Active ,E007 - Smyth Rd. between Haig Dr. and Edgecomb St. ,2020,April-2024,43,49,89,0.2,215
ASE Active ,E008 - Meadowlands Dr. W. between Winthrow Ave. and Thatcher St.,2020,April-2024,36,40,87,0.4,216
ASE Active ,E001 - Longfields Dr. between Highbury Park Dr. and Via Verona Ave.,2020,May-2024,36,40,89,0.1,217
ASE Active ,E002 - Innes Rd. between Provence Ave. and Trim Rd.,2020,May-2024,55,60,85,0.3,218
ASE Active ,E003 - Bayshore Dr. between Woodridge N Cres. And Woodridge S Cres. ,2020,May-2024,35,41,84,0.4,219
ASE Active ,E004 - Katimavik Rd. between Castlefrank Rd. and McGibbon Dr./Sewall Way,2020,May-2024,36,41,82,1,220
ASE Active ,E005 - Watters Dr. between Charlemagne Blvd. and Roberval Ave. ,2020,May-2024,36,40,86,0.3,221
ASE Active ,E006 - Ogilvie Rd. between Appleford St. and Elmlea Gate,2020,May-2024,45,51,84,0.3,222
ASE Active ,E007 - Smyth Rd. between Haig Dr. and Edgecomb St. ,2020,May-2024,43,49,90,0.2,223
ASE Active ,E008 - Meadowlands Dr. W. between Winthrow Ave. and Thatcher St.,2020,May-2024,36,40,87,0.3,224
ASE Active ,E001 - Longfields Dr. between Highbury Park Dr. and Via Verona Ave.,2020,June-2024,36,40,89,0.1,225
ASE Active ,E002 - Innes Rd. between Provence Ave. and Trim Rd.,2020,June-2024,55,60,85,0.3,226
ASE Active ,E003 - Bayshore Dr. between Woodridge N Cres. And Woodridge S Cres. ,2020,June-2024,35,41,84,0.4,227
ASE Active ,E004 - Katimavik Rd. between Castlefrank Rd. and McGibbon Dr./Sewall Way,2020,June-2024,36,42,82,1.1,228
ASE Active ,E005 - Watters Dr. between Charlemagne Blvd. and Roberval Ave. ,2020,June-2024,36,40,87,0.2,229
ASE Active ,E006 - Ogilvie Rd. between Appleford St. and Elmlea Gate,2020,June-2024,45,51,83,0.3,230
ASE Active ,E007 - Smyth Rd. between Haig Dr. and Edgecomb St. ,2020,June-2024,43,49,90,0.2,231
ASE Active ,E008 - Meadowlands Dr. W. between Winthrow Ave. and Thatcher St.,2020,June-2024,36,40,87,0.4,232
ASE Active ,E001 - Longfields Dr. between Highbury Park Dr. and Via Verona Ave.,2020,July-2024,36,40,86,0.2,233
ASE Active ,E002 - Innes Rd. between Provence Ave. and Trim Rd.,2020,July-2024,53,59,89,0.2,234
ASE Active ,E003 - Bayshore Dr. between Woodridge N Cres. And Woodridge S Cres. ,2020,July-2024,35,41,82,0.5,235
ASE Active ,E004 - Katimavik Rd. between Castlefrank Rd. and McGibbon Dr./Sewall Way,2020,July-2024,37,42,79,1.4,236
ASE Active ,E005 - Watters Dr. between Charlemagne Blvd. and Roberval Ave. ,2020,July-2024,37,41,85,0.3,237
ASE Active ,E006 - Ogilvie Rd. between Appleford St. and Elmlea Gate,2020,July-2024,46,51,82,0.4,238
ASE Active ,E007 - Smyth Rd. between Haig Dr. and Edgecomb St. ,2020,July-2024,44,50,88,0.3,239
ASE Active ,E008 - Meadowlands Dr. W. between Winthrow Ave. and Thatcher St.,2020,July-2024,36,40,86,0.4,240
ASE Active ,E001 - Longfields Dr. between Highbury Park Dr. and Via Verona Ave.,2020,August-2024,36,40,87,0.1,241
ASE Active ,E002 - Innes Rd. between Provence Ave. and Trim Rd.,2020,August-2024,54,60,86,0.3,242
ASE Active ,E003 - Bayshore Dr. between Woodridge N Cres. And Woodridge S Cres. ,2020,August-2024,35,41,82,0.5,243
ASE Active ,E004 - Katimavik Rd. between Castlefrank Rd. and McGibbon Dr./Sewall Way,2020,August-2024,37,42,80,1.3,244
ASE Active ,E005 - Watters Dr. between Charlemagne Blvd. and Roberval Ave. ,2020,August-2024,37,41,85,0.2,245
ASE Active ,E006 - Ogilvie Rd. between Appleford St. and Elmlea Gate,2020,August-2024,46,51,82,0.4,246
ASE Active ,E007 - Smyth Rd. between Haig Dr. and Edgecomb St. ,2020,August-2024,44,50,88,0.3,247
ASE Active ,E008 - Meadowlands Dr. W. between Winthrow Ave. and Thatcher St.,2020,August-2024,36,40,85,0.4,248
ASE Active ,E001 - Longfields Dr. between Highbury Park Dr. and Via Verona Ave.,2020,September-2024,36,40,89,0.1,249
ASE Active ,E002 - Innes Rd. between Provence Ave. and Trim Rd.,2020,September-2024,55,61,85,0.3,250
ASE Active ,E005 - Watters Dr. between Charlemagne Blvd. and Roberval Ave. ,2020,February-2023,37,41,82,0.6,251
ASE Active ,E006 - Ogilvie Rd. between Appleford St. and Elmlea Gate,2020,February-2023,46,53,77,0.8,252
ASE Active ,E007 - Smyth Rd. between Haig Dr. and Edgecomb St. ,2020,February-2023,45,52,80,0.9,253
ASE Active ,E008 - Meadowlands Dr. W. between Winthrow Ave. and Thatcher St.,2020,February-2023,37,41,81,1,254
ASE Active ,E001 - Longfields Dr. between Highbury Park Dr. and Via Verona Ave.,2020,March-2023,37,41,82,0.3,255
ASE Active ,E002 - Innes Rd. between Provence Ave. and Trim Rd.,2020,March-2023,57,63,76,0.8,256
ASE Active ,E003 - Bayshore Dr. between Woodridge N Cres. And Woodridge S Cres. ,2020,March-2023,37,44,73,1.2,257
ASE Active ,E004 - Katimavik Rd. between Castlefrank Rd. and McGibbon Dr./Sewall Way,2020,March-2023,38,44,74,2.4,258
ASE Active ,E005 - Watters Dr. between Charlemagne Blvd. and Roberval Ave. ,2020,March-2023,37,42,79,0.7,259
ASE Active ,E006 - Ogilvie Rd. between Appleford St. and Elmlea Gate,2020,March-2023,47,53,74,1.1,260
ASE Active ,E007 - Smyth Rd. between Haig Dr. and Edgecomb St. ,2020,March-2023,46,52,80,0.8,261
ASE Active ,E008 - Meadowlands Dr. W. between Winthrow Ave. and Thatcher St.,2020,March-2023,37,42,80,0.9,262
ASE Active ,E001 - Longfields Dr. between Highbury Park Dr. and Via Verona Ave.,2020,April-2023,37,41,81,0.3,263
ASE Active ,E002 - Innes Rd. between Provence Ave. and Trim Rd.,2020,April-2023,56,62,78,0.8,264
ASE Active ,E003 - Bayshore Dr. between Woodridge N Cres. And Woodridge S Cres. ,2020,April-2023,36,44,75,1,265
ASE Active ,E004 - Katimavik Rd. between Castlefrank Rd. and McGibbon Dr./Sewall Way,2020,April-2023,38,44,75,2.2,266
ASE Active ,E005 - Watters Dr. between Charlemagne Blvd. and Roberval Ave. ,2020,April-2023,37,42,79,0.7,267
ASE Active ,E006 - Ogilvie Rd. between Appleford St. and Elmlea Gate,2020,April-2023,47,53,76,1,268
ASE Active ,E007 - Smyth Rd. between Haig Dr. and Edgecomb St. ,2020,April-2023,45,52,81,0.7,269
ASE Active ,E008 - Meadowlands Dr. W. between Winthrow Ave. and Thatcher St.,2020,April-2023,37,42,80,1,270
ASE Active ,E001 - Longfields Dr. between Highbury Park Dr. and Via Verona Ave.,2020,May-2023,35,40,86,0.2,271
ASE Active ,E002 - Innes Rd. between Provence Ave. and Trim Rd.,2020,May-2023,56,62,78,0.7,272
ASE Active ,E003 - Bayshore Dr. between Woodridge N Cres. And Woodridge S Cres. ,2020,May-2023,36,43,75,1,273
ASE Active ,E004 - Katimavik Rd. between Castlefrank Rd. and McGibbon Dr./Sewall Way,2020,May-2023,38,44,74,2.1,274
ASE Active ,E005 - Watters Dr. between Charlemagne Blvd. and Roberval Ave. ,2020,May-2023,37,41,80,0.6,275
ASE Active ,E006 - Ogilvie Rd. between Appleford St. and Elmlea Gate,2020,May-2023,46,52,78,0.9,276
ASE Active ,E007 - Smyth Rd. between Haig Dr. and Edgecomb St. ,2020,May-2023,45,51,82,0.6,277
ASE Active ,E008 - Meadowlands Dr. W. between Winthrow Ave. and Thatcher St.,2020,May-2023,37,41,81,0.8,278
ASE Active ,E001 - Longfields Dr. between Highbury Park Dr. and Via Verona Ave.,2020,June-2023,37,42,80,0.4,279
ASE Active ,E002 - Innes Rd. between Provence Ave. and Trim Rd.,2020,June-2023,57,63,76,0.8,280
ASE Active ,E003 - Bayshore Dr. between Woodridge N Cres. And Woodridge S Cres. ,2020,June-2023,36,43,76,0.9,281
ASE Active ,E004 - Katimavik Rd. between Castlefrank Rd. and McGibbon Dr./Sewall Way,2020,June-2023,38,44,73,2.3,282
ASE Active ,E005 - Watters Dr. between Charlemagne Blvd. and Roberval Ave. ,2020,June-2023,37,41,81,0.6,283
ASE Active ,E006 - Ogilvie Rd. between Appleford St. and Elmlea Gate,2020,June-2023,47,53,76,0.9,284
ASE Active ,E007 - Smyth Rd. between Haig Dr. and Edgecomb St. ,2020,June-2023,45,51,82,0.6,285
ASE Active ,E008 - Meadowlands Dr. W. between Winthrow Ave. and Thatcher St.,2020,June-2023,37,42,79,0.9,286
ASE Active ,E001 - Longfields Dr. between Highbury Park Dr. and Via Verona Ave.,2020,July-2023,37,42,79,0.4,287
ASE Active ,E002 - Innes Rd. between Provence Ave. and Trim Rd.,2020,July-2023,57,63,74,0.9,288
ASE Active ,E003 - Bayshore Dr. between Woodridge N Cres. And Woodridge S Cres. ,2020,July-2023,37,44,74,1.1,289
ASE Active ,E004 - Katimavik Rd. between Castlefrank Rd. and McGibbon Dr./Sewall Way,2020,July-2023,39,45,70,2.7,290
ASE Active ,E005 - Watters Dr. between Charlemagne Blvd. and Roberval Ave. ,2020,July-2023,38,43,75,0.8,291
ASE Active ,E006 - Ogilvie Rd. between Appleford St. and Elmlea Gate,2020,July-2023,48,53,73,1,292
ASE Active ,E007 - Smyth Rd. between Haig Dr. and Edgecomb St. ,2020,July-2023,46,52,79,0.7,293
ASE Active ,E008 - Meadowlands Dr. W. between Winthrow Ave. and Thatcher St.,2020,July-2023,38,42,77,1,294
ASE Active ,E001 - Longfields Dr. between Highbury Park Dr. and Via Verona Ave.,2020,August-2023,37,42,80,0.3,295
ASE Active ,E002 - Innes Rd. between Provence Ave. and Trim Rd.,2020,August-2023,57,63,76,0.8,296
ASE Active ,E003 - Bayshore Dr. between Woodridge N Cres. And Woodridge S Cres. ,2020,August-2023,36,44,74,0.9,297
ASE Active ,E004 - Katimavik Rd. between Castlefrank Rd. and McGibbon Dr./Sewall Way,2020,August-2023,38,44,73,2.3,298
ASE Active ,E005 - Watters Dr. between Charlemagne Blvd. and Roberval Ave. ,2020,August-2023,38,42,77,0.7,299
ASE Active ,E006 - Ogilvie Rd. between Appleford St. and Elmlea Gate,2020,August-2023,47,53,74,1,300
ASE Active ,E003 - Bayshore Dr. between Woodridge N Cres. And Woodridge S Cres. ,2020,August-2022,37,45,70,1.4,301
ASE Active ,E004 - Katimavik Rd. between Castlefrank Rd. and McGibbon Dr./Sewall Way,2020,August-2022,39,47,68,3.1,302
ASE Active ,E005 - Watters Dr. between Charlemagne Blvd. and Roberval Ave. ,2020,August-2022,38,43,74,1,303
ASE Active ,E006 - Ogilvie Rd. between Appleford St. and Elmlea Gate,2020,August-2022,49,55,66,1.6,304
ASE Active ,E007 - Smyth Rd. between Haig Dr. and Edgecomb St. ,2020,August-2022,48,54,71,1.5,305
ASE Active ,E008 - Meadowlands Dr. W. between Winthrow Ave. and Thatcher St.,2020,August-2022,38,43,72,1.6,306
ASE Active ,E001 - Longfields Dr. between Highbury Park Dr. and Via Verona Ave.,2020,September-2022,38,42,77,0.4,307
ASE Active ,E002 - Innes Rd. between Provence Ave. and Trim Rd.,2020,September-2022,57,63,74,0.9,308
ASE Active ,E003 - Bayshore Dr. between Woodridge N Cres. And Woodridge S Cres. ,2020,September-2022,37,44,72,1.3,309
ASE Active ,E004 - Katimavik Rd. between Castlefrank Rd. and McGibbon Dr./Sewall Way,2020,September-2022,38,45,72,2.4,310
ASE Active ,E005 - Watters Dr. between Charlemagne Blvd. and Roberval Ave. ,2020,September-2022,37,42,79,0.7,311
ASE Active ,E006 - Ogilvie Rd. between Appleford St. and Elmlea Gate,2020,September-2022,38,54,71,1.6,312
ASE Active ,E007 - Smyth Rd. between Haig Dr. and Edgecomb St. ,2020,September-2022,46,53,77,1.1,313
ASE Active ,E008 - Meadowlands Dr. W. between Winthrow Ave. and Thatcher St.,2020,September-2022,37,42,77,1.1,314
ASE Active ,E001 - Longfields Dr. between Highbury Park Dr. and Via Verona Ave.,2020,October-2022,37,42,79,0.3,315
ASE Active ,E002 - Innes Rd. between Provence Ave. and Trim Rd.,2020,October-2022,57,63,74,1,316
ASE Active ,E003 - Bayshore Dr. between Woodridge N Cres. And Woodridge S Cres. ,2020,October-2022,37,44,73,1.4,317
ASE Active ,E004 - Katimavik Rd. between Castlefrank Rd. and McGibbon Dr./Sewall Way,2020,October-2022,38,45,72,2.5,318
ASE Active ,E005 - Watters Dr. between Charlemagne Blvd. and Roberval Ave. ,2020,October-2022,37,42,79,0.7,319
ASE Active ,E006 - Ogilvie Rd. between Appleford St. and Elmlea Gate,2020,October-2022,47,54,72,1.3,320
ASE Active ,E007 - Smyth Rd. between Haig Dr. and Edgecomb St. ,2020,October-2022,46,53,77,1.2,321
ASE Active ,E008 - Meadowlands Dr. W. between Winthrow Ave. and Thatcher St.,2020,October-2022,38,42,77,1.2,322
ASE Active ,E001 - Longfields Dr. between Highbury Park Dr. and Via Verona Ave.,2020,November-2022,36,41,82,0.3,323
ASE Active ,E002 - Innes Rd. between Provence Ave. and Trim Rd.,2020,November-2022,57,63,75,0.9,324
ASE Active ,E003 - Bayshore Dr. between Woodridge N Cres. And Woodridge S Cres. ,2020,November-2022,36,44,74,1.2,325
ASE Active ,E004 - Katimavik Rd. between Castlefrank Rd. and McGibbon Dr./Sewall Way,2020,November-2022,38,45,72,2.7,326
ASE Active ,E005 - Watters Dr. between Charlemagne Blvd. and Roberval Ave. ,2020,November-2022,37,41,82,0.6,327
ASE Active ,E006 - Ogilvie Rd. between Appleford St. and Elmlea Gate,2020,November-2022,47,54,74,1.2,328
ASE Active ,E007 - Smyth Rd. between Haig Dr. and Edgecomb St. ,2020,November-2022,47,53,78,1,329
ASE Active ,E008 - Meadowlands Dr. W. between Winthrow Ave. and Thatcher St.,2020,November-2022,37,42,78,1.1,330
ASE Active ,E001 - Longfields Dr. between Highbury Park Dr. and Via Verona Ave.,2020,December-2022,37,42,80,0.4,331
ASE Active ,E002 - Innes Rd. between Provence Ave. and Trim Rd.,2020,December-2022,55,62,79,0.7,332
ASE Active ,E003 - Bayshore Dr. between Woodridge N Cres. And Woodridge S Cres. ,2020,December-2022,36,43,76,1,333
ASE Active ,E004 - Katimavik Rd. between Castlefrank Rd. and McGibbon Dr./Sewall Way,2020,December-2022,38,45,74,2.4,334
ASE Active ,E005 - Watters Dr. between Charlemagne Blvd. and Roberval Ave. ,2020,December-2022,37,41,81,0.6,335
ASE Active ,E006 - Ogilvie Rd. between Appleford St. and Elmlea Gate,2020,December-2022,47,53,76,1,336
ASE Active ,E007 - Smyth Rd. between Haig Dr. and Edgecomb St. ,2020,December-2022,46,53,78,1.1,337
ASE Active ,E008 - Meadowlands Dr. W. between Winthrow Ave. and Thatcher St.,2020,December-2022,37,42,80,0.9,338
ASE Active ,E001 - Longfields Dr. between Highbury Park Dr. and Via Verona Ave.,2020,January-2023,37,41,82,0.3,339
ASE Active ,E002 - Innes Rd. between Provence Ave. and Trim Rd.,2020,January-2023,55,62,80,0.6,340
ASE Active ,E003 - Bayshore Dr. between Woodridge N Cres. And Woodridge S Cres. ,2020,January-2023,36,43,77,0.8,341
ASE Active ,E004 - Katimavik Rd. between Castlefrank Rd. and McGibbon Dr./Sewall Way,2020,January-2023,37,44,77,2,342
ASE Active ,E005 - Watters Dr. between Charlemagne Blvd. and Roberval Ave. ,2020,January-2023,36,41,83,0.6,343
ASE Active ,E006 - Ogilvie Rd. between Appleford St. and Elmlea Gate,2020,January-2023,46,52,78,0.8,344
ASE Active ,E007 - Smyth Rd. between Haig Dr. and Edgecomb St. ,2020,January-2023,45,52,80,0.8,345
ASE Active ,E008 - Meadowlands Dr. W. between Winthrow Ave. and Thatcher St.,2020,January-2023,37,41,81,0.8,346
ASE Active ,E001 - Longfields Dr. between Highbury Park Dr. and Via Verona Ave.,2020,February-2023,37,41,82,0.2,347
ASE Active ,E002 - Innes Rd. between Provence Ave. and Trim Rd.,2020,February-2023,56,62,79,0.7,348
ASE Active ,E003 - Bayshore Dr. between Woodridge N Cres. And Woodridge S Cres. ,2020,February-2023,36,43,77,0.8,349
ASE Active ,E004 - Katimavik Rd. between Castlefrank Rd. and McGibbon Dr./Sewall Way,2020,February-2023,37,44,76,2,350
ASE Active ,E007 - Smyth Rd. between Haig Dr. and Edgecomb St. ,2020,August-2023,46,52,79,0.6,351
ASE Active ,E008 - Meadowlands Dr. W. between Winthrow Ave. and Thatcher St.,2020,August-2023,38,42,78,1,352
ASE Active ,E001 - Longfields Dr. between Highbury Park Dr. and Via Verona Ave.,2020,September-2023,37,41,84,0.3,353
ASE Active ,E002 - Innes Rd. between Provence Ave. and Trim Rd.,2020,September-2023,56,62,78,0.6,354
ASE Active ,E003 - Bayshore Dr. between Woodridge N Cres. And Woodridge S Cres. ,2020,September-2023,36,43,78,0.8,355
ASE Active ,E004 - Katimavik Rd. between Castlefrank Rd. and McGibbon Dr./Sewall Way,2020,September-2023,37,43,77,1.7,356
ASE Active ,E005 - Watters Dr. between Charlemagne Blvd. and Roberval Ave. ,2020,September-2023,37,41,83,0.4,357
ASE Active ,E006 - Ogilvie Rd. between Appleford St. and Elmlea Gate,2020,September-2023,46,52,78,0.8,358
ASE Active ,E007 - Smyth Rd. between Haig Dr. and Edgecomb St. ,2020,September-2023,44,51,84,0.4,359
ASE Active ,E008 - Meadowlands Dr. W. between Winthrow Ave. and Thatcher St.,2020,September-2023,37,41,82,0.7,360
ASE Active ,E001 - Longfields Dr. between Highbury Park Dr. and Via Verona Ave.,2020,October-2023,36,41,84,0.3,361
ASE Active ,E002 - Innes Rd. between Provence Ave. and Trim Rd.,2020,October-2023,56,62,79,0.6,362
ASE Active ,E003 - Bayshore Dr. between Woodridge N Cres. And Woodridge S Cres. ,2020,October-2023,36,42,78,0.8,363
ASE Active ,E004 - Katimavik Rd. between Castlefrank Rd. and McGibbon Dr./Sewall Way,2020,October-2023,37,43,76,1.8,364
ASE Active ,E005 - Watters Dr. between Charlemagne Blvd. and Roberval Ave. ,2020,October-2023,37,41,82,0.4,365
ASE Active ,E006 - Ogilvie Rd. between Appleford St. and Elmlea Gate,2020,October-2023,46,52,78,0.7,366
ASE Active ,E007 - Smyth Rd. between Haig Dr. and Edgecomb St. ,2020,October-2023,44,51,84,0.4,367
ASE Active ,E008 - Meadowlands Dr. W. between Winthrow Ave. and Thatcher St.,2020,October-2023,36,41,83,0.6,368
ASE Active ,E001 - Longfields Dr. between Highbury Park Dr. and Via Verona Ave.,2020,November-2023,36,40,86,0.2,369
ASE Active ,E002 - Innes Rd. between Provence Ave. and Trim Rd.,2020,November-2023,55,61,82,0.5,370
ASE Active ,E003 - Bayshore Dr. between Woodridge N Cres. And Woodridge S Cres. ,2020,November-2023,35,42,81,0.6,371
ASE Active ,E004 - Katimavik Rd. between Castlefrank Rd. and McGibbon Dr./Sewall Way,2020,November-2023,37,43,77,1.8,372
ASE Active ,E005 - Watters Dr. between Charlemagne Blvd. and Roberval Ave. ,2020,November-2023,37,41,82,0.5,373
ASE Active ,E006 - Ogilvie Rd. between Appleford St. and Elmlea Gate,2020,November-2023,46,52,79,0.6,374
ASE Active ,E007 - Smyth Rd. between Haig Dr. and Edgecomb St. ,2020,November-2023,44,50,85,0.4,375
ASE Active ,E008 - Meadowlands Dr. W. between Winthrow Ave. and Thatcher St.,2020,November-2023,36,41,85,0.5,376
ASE Active ,E001 - Longfields Dr. between Highbury Park Dr. and Via Verona Ave.,2020,December-2023,36,40,86,0.2,377
ASE Active ,E002 - Innes Rd. between Provence Ave. and Trim Rd.,2020,December-2023,55,61,82,0.5,378
ASE Active ,E003 - Bayshore Dr. between Woodridge N Cres. And Woodridge S Cres. ,2020,December-2023,35,42,80,0.6,379
ASE Active ,E004 - Katimavik Rd. between Castlefrank Rd. and McGibbon Dr./Sewall Way,2020,December-2023,37,43,78,2,380
ASE Active ,E005 - Watters Dr. between Charlemagne Blvd. and Roberval Ave. ,2020,December-2023,37,41,82,0.5,381
ASE Active ,E006 - Ogilvie Rd. between Appleford St. and Elmlea Gate,2020,December-2023,46,52,80,0.5,382
ASE Active ,E007 - Smyth Rd. between Haig Dr. and Edgecomb St. ,2020,December-2023,44,51,85,0.5,383
ASE Active ,E008 - Meadowlands Dr. W. between Winthrow Ave. and Thatcher St.,2020,December-2023,36,41,85,0.6,384
ASE Active ,E001 - Longfields Dr. between Highbury Park Dr. and Via Verona Ave.,2020,January-2024,35,40,89,0.1,385
ASE Active ,E002 - Innes Rd. between Provence Ave. and Trim Rd.,2020,January-2024,54,60,85,0.4,386
ASE Active ,E003 - Bayshore Dr. between Woodridge N Cres. And Woodridge S Cres. ,2020,January-2024,35,41,83,0.4,387
ASE Active ,E004 - Katimavik Rd. between Castlefrank Rd. and McGibbon Dr./Sewall Way,2020,January-2024,36,42,80,1.4,388
ASE Active ,E005 - Watters Dr. between Charlemagne Blvd. and Roberval Ave. ,2020,January-2024,36,40,85,0.3,389
ASE Active ,E006 - Ogilvie Rd. between Appleford St. and Elmlea Gate,2020,January-2024,45,51,83,0.4,390
ASE Active ,E007 - Smyth Rd. between Haig Dr. and Edgecomb St. ,2020,January-2024,43,50,88,0.3,391
ASE Active ,E008 - Meadowlands Dr. W. between Winthrow Ave. and Thatcher St.,2020,January-2024,36,40,86,0.4,392
ASE Active ,E001 - Longfields Dr. between Highbury Park Dr. and Via Verona Ave.,2020,February-2024,36,40,88,0.2,393
ASE Active ,E002 - Innes Rd. between Provence Ave. and Trim Rd.,2020,February-2024,55,61,83,0.5,394
ASE Active ,E003 - Bayshore Dr. between Woodridge N Cres. And Woodridge S Cres. ,2020,February-2024,35,42,81,0.6,395
ASE Active ,E004 - Katimavik Rd. between Castlefrank Rd. and McGibbon Dr./Sewall Way,2020,February-2024,37,42,79,1.8,396
ASE Active ,E005 - Watters Dr. between Charlemagne Blvd. and Roberval Ave. ,2020,February-2024,36,41,84,0.4,397
ASE Active ,E006 - Ogilvie Rd. between Appleford St. and Elmlea Gate,2020,February-2024,46,51,81,0.5,398
ASE Active ,E007 - Smyth Rd. between Haig Dr. and Edgecomb St. ,2020,February-2024,43,50,88,0.3,399
ASE Active ,E008 - Meadowlands Dr. W. between Winthrow Ave. and Thatcher St.,2020,February-2024,36,40,85,0.5,400
ASE Active ,E003 - Bayshore Dr. between Woodridge N Cres. And Woodridge S Cres. ,2020,November-2025,34,40,87,0.3,401
ASE Active ,E004 - Katimavik Rd. between Castlefrank Rd. and McGibbon Dr./Sewall Way,2020,November-2025,36,41,85,0.8,402
ASE Active ,E005 - Watters Dr. between Charlemagne Blvd. and Roberval Ave. ,2020,November-2025,36,40,88,0.1,403
ASE Active ,E006 - Ogilvie Rd. between Appleford St. and Elmlea Gate,2020,November-2025,45,50,85,0.2,404
ASE Active ,E007 - Smyth Rd. between Haig Dr. and Edgecomb St. ,2020,November-2025,42,48,93,0.1,405
ASE Active ,E003 - Bayshore Dr. between Woodridge N Cres. And Woodridge S Cres. ,2020,April-2025,34,40,87,0.3,406
ASE Active ,E008 - Meadowlands Dr. W. between Winthrow Ave. and Thatcher St.,2020,November-2025,35,40,89,0.3,407
ASE Removed,E001 - Longfields Dr. between Highbury Park Dr. and Via Verona Ave.,2020,November-2025,40,46,60,3,408
ASE Removed,E002 - Innes Rd. between Provence Ave. and Trim Rd.,2020,November-2025,59,66,62,1.7,409
ASE Removed,E003 - Bayshore Dr. between Woodridge N Cres. And Woodridge S Cres. ,2020,November-2025,N/A,0,0,0,410
ASE Removed,E004 - Katimavik Rd. between Castlefrank Rd. and McGibbon Dr./Sewall Way,2020,November-2025,40,47,63,3.7,411
ASE Removed,E005 - Watters Dr. between Charlemagne Blvd. and Roberval Ave. ,2020,November-2025,40,46,56,2.4,412
ASE Removed,E006 - Ogilvie Rd. between Appleford St. and Elmlea Gate,2020,November-2025,49,55,64,1.4,413
ASE Removed,E007 - Smyth Rd. between Haig Dr. and Edgecomb St. ,2020,November-2025,47,54,70,1.1,414
ASE Removed,E008 - Meadowlands Dr. W. between Winthrow Ave. and Thatcher St.,2020,November-2025,40,45,59,1.6,415
ASE Removed,E001 - Longfields Dr. between Highbury Park Dr. and Via Verona Ave.,2020,December-2025,38,45,62,1.4,416
ASE Removed,E002 - Innes Rd. between Provence Ave. and Trim Rd.,2020,December-2025,61,68,50,2.8,417
ASE Removed,E003 - Bayshore Dr. between Woodridge N Cres. And Woodridge S Cres. ,2020,December-2025,44,51,32,6.8,418
ASE Removed,E004 - Katimavik Rd. between Castlefrank Rd. and McGibbon Dr./Sewall Way,2020,December-2025,40,47,58,3.3,419
ASE Removed,E005 - Watters Dr. between Charlemagne Blvd. and Roberval Ave. ,2020,December-2025,43,50,38,5.2,420
ASE Removed,E006 - Ogilvie Rd. between Appleford St. and Elmlea Gate,2020,December-2025,49,56,55,2.1,421
ASE Removed,E007 - Smyth Rd. between Haig Dr. and Edgecomb St. ,2020,December-2025,50,57,52,2.3,422
ASE Removed,E008 - Meadowlands Dr. W. between Winthrow Ave. and Thatcher St.,2020,December-2025,41,47,51,2.8,423
ASE Removed,E001 - Longfields Dr. between Highbury Park Dr. and Via Verona Ave.,2020,January-2026,43,50,32,3.6,424
ASE Removed,E002 - Innes Rd. between Provence Ave. and Trim Rd.,2020,January-2026,61,68,45,3.2,425
ASE Removed,E003 - Bayshore Dr. between Woodridge N Cres. And Woodridge S Cres. ,2020,January-2026,44,51,30,5.7,426
ASE Removed,E004 - Katimavik Rd. between Castlefrank Rd. and McGibbon Dr./Sewall Way,2020,January-2026,43,50,39,5.4,427
ASE Removed,E005 - Watters Dr. between Charlemagne Blvd. and Roberval Ave. ,2020,January-2026,43,51,38,6.7,428
ASE Removed,E006 - Ogilvie Rd. between Appleford St. and Elmlea Gate,2020,January-2026,46,55,70,1.6,429
ASE Removed,E007 - Smyth Rd. between Haig Dr. and Edgecomb St. ,2020,January-2026,50,57,53,2.2,430
ASE Removed,E008 - Meadowlands Dr. W. between Winthrow Ave. and Thatcher St.,2020,January-2026,42,49,40,3.8,431
ASE Removed,E001 - Longfields Dr. between Highbury Park Dr. and Via Verona Ave.,2020,February-2026,44,51,28,4.9,432
ASE Removed,E002 - Innes Rd. between Provence Ave. and Trim Rd.,2020,February-2026,61,70,44,4.2,433
ASE Removed,E003 - Bayshore Dr. between Woodridge N Cres. And Woodridge S Cres. ,2020,February-2026,43,50,37,3.9,434
ASE Removed,E004 - Katimavik Rd. between Castlefrank Rd. and McGibbon Dr./Sewall Way,2020,February-2026,43,50,37,5.4,435
ASE Removed,E005 - Watters Dr. between Charlemagne Blvd. and Roberval Ave. ,2020,February-2026,45,52,27,6.5,436
ASE Removed,E006 - Ogilvie Rd. between Appleford St. and Elmlea Gate,2020,February-2026,46,55,68,1.7,437
ASE Removed,E007 - Smyth Rd. between Haig Dr. and Edgecomb St. ,2020,February-2026,51,58,50,2.5,438
ASE Removed,E008 - Meadowlands Dr. W. between Winthrow Ave. and Thatcher St.,2020,February-2026,43,51,35,6.5,439
ASE Removed,E001 - Longfields Dr. between Highbury Park Dr. and Via Verona Ave.,2020,March-2026,43,50,38,5.4,440
ASE Removed,E002 - Innes Rd. between Provence Ave. and Trim Rd.,2020,March-2026,63,70,38,5.5,441
ASE Removed,E003 - Bayshore Dr. between Woodridge N Cres. And Woodridge S Cres. ,2020,March-2026,43,51,34,5.5,442
ASE Removed,E004 - Katimavik Rd. between Castlefrank Rd. and McGibbon Dr./Sewall Way,2020,March-2026,45,52,29,7.9,443
ASE Removed,E005 - Watters Dr. between Charlemagne Blvd. and Roberval Ave. ,2020,March-2026,46,52,23,8.6,444
ASE Removed,E006 - Ogilvie Rd. between Appleford St. and Elmlea Gate,2020,March-2026,49,57,58,3.2,445
ASE Removed,E007 - Smyth Rd. between Haig Dr. and Edgecomb St. ,2020,March-2026,52,59,44,3.7,446
ASE Removed,E008 - Meadowlands Dr. W. between Winthrow Ave. and Thatcher St.,2020,March-2026,45,53,26,9.1,447
ASE Removed,E001 - Longfields Dr. between Highbury Park Dr. and Via Verona Ave.,2020,April-2026,45,52,25,6,448
ASE Removed,E002 - Innes Rd. between Provence Ave. and Trim Rd.,2020,April-2026,63,70,35,4.8,449
ASE Removed,E003 - Bayshore Dr. between Woodridge N Cres. And Woodridge S Cres. ,2020,April-2026,44,51,31,5.1,450
ASE Removed,E004 - Katimavik Rd. between Castlefrank Rd. and McGibbon Dr./Sewall Way,2020,April-2026,43,50,37,4.3,451
ASE Removed,E005 - Watters Dr. between Charlemagne Blvd. and Roberval Ave. ,2020,April-2026,45,53,24,8.2,452
ASE Removed,E006 - Ogilvie Rd. between Appleford St. and Elmlea Gate,2020,April-2026,47,56,64,2.5,453
ASE Removed,E007 - Smyth Rd. between Haig Dr. and Edgecomb St. ,2020,April-2026,51,58,47,2.8,454
ASE Removed,E008 - Meadowlands Dr. W. between Winthrow Ave. and Thatcher St.,2020,April-2026,43,49,35,4.4,455
ASE Active ,E004 - Katimavik Rd. between Castlefrank Rd. and McGibbon Dr./Sewall Way,2020,April-2025,36,40,86,0.8,456
ASE Active ,E005 - Watters Dr. between Charlemagne Blvd. and Roberval Ave. ,2020,April-2025,36,40,86,0.2,457
ASE Active ,E006 - Ogilvie Rd. between Appleford St. and Elmlea Gate,2020,April-2025,45,50,86,0.2,458
ASE Active ,E007 - Smyth Rd. between Haig Dr. and Edgecomb St. ,2020,April-2025,41,47,94,0.1,459
ASE Active ,E008 - Meadowlands Dr. W. between Winthrow Ave. and Thatcher St.,2020,April-2025,35,40,89,0.3,460
ASE Active ,E001 - Longfields Dr. between Highbury Park Dr. and Via Verona Ave.,2020,May-2025,35,39,91,0.1,461
ASE Active ,E002 - Innes Rd. between Provence Ave. and Trim Rd.,2020,May-2025,54,60,88,0.2,462
ASE Active ,E003 - Bayshore Dr. between Woodridge N Cres. And Woodridge S Cres. ,2020,May-2025,33,39,89,0.2,463
ASE Active ,E004 - Katimavik Rd. between Castlefrank Rd. and McGibbon Dr./Sewall Way,2020,May-2025,36,40,86,0.7,464
ASE Active ,E005 - Watters Dr. between Charlemagne Blvd. and Roberval Ave. ,2020,May-2025,36,40,88,0.2,465
ASE Active ,E006 - Ogilvie Rd. between Appleford St. and Elmlea Gate,2020,May-2025,45,50,86,0.2,466
ASE Active ,E007 - Smyth Rd. between Haig Dr. and Edgecomb St. ,2020,May-2025,41,47,94,0.1,467
ASE Active ,E008 - Meadowlands Dr. W. between Winthrow Ave. and Thatcher St.,2020,May-2025,35,39,90,0.2,468
ASE Active ,E001 - Longfields Dr. between Highbury Park Dr. and Via Verona Ave.,2020,June-2025,35,39,91,0.1,469
ASE Active ,E002 - Innes Rd. between Provence Ave. and Trim Rd.,2020,June-2025,54,60,87,0.2,470
ASE Active ,E003 - Bayshore Dr. between Woodridge N Cres. And Woodridge S Cres. ,2020,June-2025,34,40,88,0.2,471
ASE Active ,E004 - Katimavik Rd. between Castlefrank Rd. and McGibbon Dr./Sewall Way,2020,June-2025,36,40,86,0.7,472
ASE Active ,E005 - Watters Dr. between Charlemagne Blvd. and Roberval Ave. ,2020,June-2025,36,40,89,0.1,473
ASE Active ,E006 - Ogilvie Rd. between Appleford St. and Elmlea Gate,2020,June-2025,45,50,86,0.2,474
ASE Active ,E007 - Smyth Rd. between Haig Dr. and Edgecomb St. ,2020,June-2025,41,47,94,0.1,475
ASE Active ,E008 - Meadowlands Dr. W. between Winthrow Ave. and Thatcher St.,2020,June-2025,35,40,89,0.2,476
ASE Active ,E001 - Longfields Dr. between Highbury Park Dr. and Via Verona Ave.,2020,July-2025,36,40,89,0.1,477
ASE Active ,E002 - Innes Rd. between Provence Ave. and Trim Rd.,2020,July-2025,55,60,86,0.3,478
ASE Active ,E003 - Bayshore Dr. between Woodridge N Cres. And Woodridge S Cres. ,2020,July-2025,34,40,87,0.3,479
ASE Active ,E004 - Katimavik Rd. between Castlefrank Rd. and McGibbon Dr./Sewall Way,2020,July-2025,36,41,83,0.9,480
ASE Active ,E005 - Watters Dr. between Charlemagne Blvd. and Roberval Ave. ,2020,July-2025,36,40,86,0.2,481
ASE Active ,E006 - Ogilvie Rd. between Appleford St. and Elmlea Gate,2020,July-2025,46,51,84,0.2,482
ASE Active ,E007 - Smyth Rd. between Haig Dr. and Edgecomb St. ,2020,July-2025,43,48,93,0.1,483
ASE Active ,E008 - Meadowlands Dr. W. between Winthrow Ave. and Thatcher St.,2020,July-2025,36,40,88,0.3,484
ASE Active ,E001 - Longfields Dr. between Highbury Park Dr. and Via Verona Ave.,2020,August-2025,36,40,89,0.1,485
ASE Active ,E002 - Innes Rd. between Provence Ave. and Trim Rd.,2020,August-2025,55,60,86,0.3,486
ASE Active ,E003 - Bayshore Dr. between Woodridge N Cres. And Woodridge S Cres. ,2020,August-2025,34,40,87,0.2,487
ASE Active ,E004 - Katimavik Rd. between Castlefrank Rd. and McGibbon Dr./Sewall Way,2020,August-2025,36,41,83,0.9,488
ASE Active ,E005 - Watters Dr. between Charlemagne Blvd. and Roberval Ave. ,2020,August-2025,36,40,86,0.1,489
ASE Active ,E006 - Ogilvie Rd. between Appleford St. and Elmlea Gate,2020,August-2025,46,51,84,0.2,490
ASE Active ,E007 - Smyth Rd. between Haig Dr. and Edgecomb St. ,2020,August-2025,42,48,93,0.1,491
ASE Active ,E008 - Meadowlands Dr. W. between Winthrow Ave. and Thatcher St.,2020,August-2025,36,40,88,0.3,492
ASE Active ,E001 - Longfields Dr. between Highbury Park Dr. and Via Verona Ave.,2020,September-2025,35,39,91,0.1,493
ASE Active ,E002 - Innes Rd. between Provence Ave. and Trim Rd.,2020,September-2025,54,60,88,0.2,494
ASE Active ,E003 - Bayshore Dr. between Woodridge N Cres. And Woodridge S Cres. ,2020,September-2025,34,40,88,0.3,495
ASE Active ,E004 - Katimavik Rd. between Castlefrank Rd. and McGibbon Dr./Sewall Way,2020,September-2025,35,40,87,0.5,496
ASE Active ,E005 - Watters Dr. between Charlemagne Blvd. and Roberval Ave. ,2020,September-2025,36,40,89,0.1,497
ASE Active ,E006 - Ogilvie Rd. between Appleford St. and Elmlea Gate,2020,September-2025,45,51,85,0.2,498
ASE Active ,E007 - Smyth Rd. between Haig Dr. and Edgecomb St. ,2020,September-2025,40,47,95,0.1,499
ASE Active ,E008 - Meadowlands Dr. W. between Winthrow Ave. and Thatcher St.,2020,September-2025,35,39,90,0.2,500
ASE Active ,E001 - Longfields Dr. between Highbury Park Dr. and Via Verona Ave.,2020,October-2025,35,39,91,0.1,501
ASE Active ,E002 - Innes Rd. between Provence Ave. and Trim Rd.,2020,October-2025,54,60,88,0.2,502
ASE Active ,E003 - Bayshore Dr. between Woodridge N Cres. And Woodridge S Cres. ,2020,October-2025,34,40,88,0.3,503
ASE Active ,E004 - Katimavik Rd. between Castlefrank Rd. and McGibbon Dr./Sewall Way,2020,October-2025,35,40,86,0.6,504
ASE Active ,E005 - Watters Dr. between Charlemagne Blvd. and Roberval Ave. ,2020,October-2025,36,40,88,0.1,505
ASE Active ,E006 - Ogilvie Rd. between Appleford St. and Elmlea Gate,2020,October-2025,45,50,86,0.2,506
ASE Active ,E007 - Smyth Rd. between Haig Dr. and Edgecomb St. ,2020,October-2025,41,48,94,0.1,507
ASE Active ,E008 - Meadowlands Dr. W. between Winthrow Ave. and Thatcher St.,2020,October-2025,35,39,90,0.2,508
ASE Active ,E001 - Longfields Dr. between Highbury Park Dr. and Via Verona Ave.,2020,November-2025,35,40,90,0.1,509
ASE Active ,E002 - Innes Rd. between Provence Ave. and Trim Rd.,2020,November-2025,55,60,87,0.3,510
ASE Active ,E003 - Bayshore Dr. between Woodridge N Cres. And Woodridge S Cres. ,2020,September-2024,35,41,84,0.5,511
ASE Active ,E004 - Katimavik Rd. between Castlefrank Rd. and McGibbon Dr./Sewall Way,2020,September-2024,36,41,83,1,512
ASE Active ,E005 - Watters Dr. between Charlemagne Blvd. and Roberval Ave. ,2020,September-2024,36,40,88,0.1,513
ASE Active ,E006 - Ogilvie Rd. between Appleford St. and Elmlea Gate,2020,September-2024,45,51,84,0.3,514
ASE Active ,E007 - Smyth Rd. between Haig Dr. and Edgecomb St. ,2020,September-2024,43,49,91,0.2,515
ASE Active ,E008 - Meadowlands Dr. W. between Winthrow Ave. and Thatcher St.,2020,September-2024,36,40,88,0.3,516
ASE Active ,E001 - Longfields Dr. between Highbury Park Dr. and Via Verona Ave.,2020,October-2024,36,39,90,0.1,517
ASE Active ,E002 - Innes Rd. between Provence Ave. and Trim Rd.,2020,October-2024,55,61,84,0.3,518
ASE Active ,E003 - Bayshore Dr. between Woodridge N Cres. And Woodridge S Cres. ,2020,October-2024,34,41,85,0.4,519
ASE Active ,E004 - Katimavik Rd. between Castlefrank Rd. and McGibbon Dr./Sewall Way,2020,October-2024,36,41,83,0.9,520
ASE Active ,E005 - Watters Dr. between Charlemagne Blvd. and Roberval Ave. ,2020,October-2024,36,40,87,0.2,521
ASE Active ,E006 - Ogilvie Rd. between Appleford St. and Elmlea Gate,2020,October-2024,45,51,84,0.3,522
ASE Active ,E007 - Smyth Rd. between Haig Dr. and Edgecomb St. ,2020,October-2024,42,48,91,0.2,523
ASE Active ,E008 - Meadowlands Dr. W. between Winthrow Ave. and Thatcher St.,2020,October-2024,36,40,89,0.3,524
ASE Active ,E001 - Longfields Dr. between Highbury Park Dr. and Via Verona Ave.,2020,November-2024,36,39,90,0.1,525
ASE Active ,E002 - Innes Rd. between Provence Ave. and Trim Rd.,2020,November-2024,55,60,85,0.3,526
ASE Active ,E003 - Bayshore Dr. between Woodridge N Cres. And Woodridge S Cres. ,2020,November-2024,34,40,86,0.4,527
ASE Active ,E004 - Katimavik Rd. between Castlefrank Rd. and McGibbon Dr./Sewall Way,2020,November-2024,36,41,83,1.1,528
ASE Active ,E005 - Watters Dr. between Charlemagne Blvd. and Roberval Ave. ,2020,November-2024,36,40,86,0.2,529
ASE Active ,E006 - Ogilvie Rd. between Appleford St. and Elmlea Gate,2020,November-2024,45,51,84,0.3,530
ASE Active ,E007 - Smyth Rd. between Haig Dr. and Edgecomb St. ,2020,November-2024,43,49,91,0.2,531
ASE Active ,E008 - Meadowlands Dr. W. between Winthrow Ave. and Thatcher St.,2020,November-2024,35,39,90,0.3,532
ASE Active ,E001 - Longfields Dr. between Highbury Park Dr. and Via Verona Ave.,2020,December-2024,35,39,91,0.1,533
ASE Active ,E002 - Innes Rd. between Provence Ave. and Trim Rd.,2020,December-2024,54,60,88,0.3,534
ASE Active ,E003 - Bayshore Dr. between Woodridge N Cres. And Woodridge S Cres. ,2020,December-2024,34,40,87,0.3,535
ASE Active ,E004 - Katimavik Rd. between Castlefrank Rd. and McGibbon Dr./Sewall Way,2020,December-2024,36,41,84,1.1,536
ASE Active ,E005 - Watters Dr. between Charlemagne Blvd. and Roberval Ave. ,2020,December-2024,36,40,87,0.3,537
ASE Active ,E006 - Ogilvie Rd. between Appleford St. and Elmlea Gate,2020,December-2024,45,50,85,0.3,538
ASE Active ,E007 - Smyth Rd. between Haig Dr. and Edgecomb St. ,2020,December-2024,42,49,91,0.2,539
ASE Active ,E008 - Meadowlands Dr. W. between Winthrow Ave. and Thatcher St.,2020,December-2024,35,39,90,0.3,540
ASE Active ,E001 - Longfields Dr. between Highbury Park Dr. and Via Verona Ave.,2020,January-2025,35,39,91,0.1,541
ASE Active ,E002 - Innes Rd. between Provence Ave. and Trim Rd.,2020,January-2025,54,60,88,0.3,542
ASE Active ,E003 - Bayshore Dr. between Woodridge N Cres. And Woodridge S Cres. ,2020,January-2025,34,40,87,0.3,543
ASE Active ,E004 - Katimavik Rd. between Castlefrank Rd. and McGibbon Dr./Sewall Way,2020,January-2025,36,41,85,1.1,544
ASE Active ,E005 - Watters Dr. between Charlemagne Blvd. and Roberval Ave. ,2020,January-2025,36,40,86,0.2,545
ASE Active ,E006 - Ogilvie Rd. between Appleford St. and Elmlea Gate,2020,January-2025,45,50,87,0.2,546
ASE Active ,E007 - Smyth Rd. between Haig Dr. and Edgecomb St. ,2020,January-2025,42,48,92,0.1,547
ASE Active ,E008 - Meadowlands Dr. W. between Winthrow Ave. and Thatcher St.,2020,January-2025,35,39,90,0.3,548
ASE Active ,E001 - Longfields Dr. between Highbury Park Dr. and Via Verona Ave.,2020,February-2025,35,39,93,0.1,549
ASE Active ,E002 - Innes Rd. between Provence Ave. and Trim Rd.,2020,February-2025,53,59,89,0.2,550
ASE Active ,E003 - Bayshore Dr. between Woodridge N Cres. And Woodridge S Cres. ,2020,February-2025,33,39,90,0.2,551
ASE Active ,E004 - Katimavik Rd. between Castlefrank Rd. and McGibbon Dr./Sewall Way,2020,February-2025,35,40,87,0.8,552
ASE Active ,E005 - Watters Dr. between Charlemagne Blvd. and Roberval Ave. ,2020,February-2025,35,40,89,0.2,553
ASE Active ,E006 - Ogilvie Rd. between Appleford St. and Elmlea Gate,2020,February-2025,44,50,87,0.2,554
ASE Active ,E007 - Smyth Rd. between Haig Dr. and Edgecomb St. ,2020,February-2025,41,47,94,0.1,555
ASE Active ,E008 - Meadowlands Dr. W. between Winthrow Ave. and Thatcher St.,2020,February-2025,35,39,90,0.2,556
ASE Active ,E001 - Longfields Dr. between Highbury Park Dr. and Via Verona Ave.,2020,March-2025,35,39,91,0.1,557
ASE Active ,E002 - Innes Rd. between Provence Ave. and Trim Rd.,2020,March-2025,54,60,87,0.3,558
ASE Active ,E003 - Bayshore Dr. between Woodridge N Cres. And Woodridge S Cres. ,2020,March-2025,34,40,87,0.2,559
ASE Active ,E004 - Katimavik Rd. between Castlefrank Rd. and McGibbon Dr./Sewall Way,2020,March-2025,36,41,84,0.9,560
ASE Active ,E005 - Watters Dr. between Charlemagne Blvd. and Roberval Ave. ,2020,March-2025,36,40,86,0.2,561
ASE Active ,E006 - Ogilvie Rd. between Appleford St. and Elmlea Gate,2020,March-2025,45,51,85,0.3,562
ASE Active ,E007 - Smyth Rd. between Haig Dr. and Edgecomb St. ,2020,March-2025,41,47,94,0.1,563
ASE Active ,E008 - Meadowlands Dr. W. between Winthrow Ave. and Thatcher St.,2020,March-2025,36,40,89,0.3,564
ASE Active ,E001 - Longfields Dr. between Highbury Park Dr. and Via Verona Ave.,2020,April-2025,35,39,91,0.1,565
ASE Active ,E002 - Innes Rd. between Provence Ave. and Trim Rd.,2020,April-2025,54,60,87,0.2,566
