PM,Surname,Ministerial title,Rank,Department,Date,Reason,Type,Link,Cabinet?
Thatcher,Speed,Parliamentary Under-Secretary (Ministry of Defence) (Royal Navy),PUSS,MoD,18/05/1981,Chose not to resign over opposition to Navy cuts,Sacked,https://en.wikipedia.org/wiki/Keith_Speed,
Thatcher,Fairbairn,Solicitor-General Scotland,MoS,Laws Office,21/01/1982,Handling of a Scottish prosecution,Standards,https://www.margaretthatcher.org/document/104858,
Thatcher,Oppenheim,Minister of State (Consumer Affairs),MoS,Department of Trade,5/3/1982,Personal - death of husband,Personal/other,https://www.margaretthatcher.org/document/104871,
Thatcher,Carrington,Secretary of State for Foreign and Commonwealth Affairs,SoS,FCO,5/4/1982,Falklands,Accountability,https://www.margaretthatcher.org/document/104911,Y
Thatcher,Atkins,Lord Privy Seal,SoS,N/A,5/4/1982,Falklands,Accountability,https://www.margaretthatcher.org/document/104911,Y
Thatcher,Luce,Minister of State (Foreign and Commonwealth Office),MoS,FCO,5/4/1982,Falklands,Accountability,https://www.margaretthatcher.org/document/104911,
Thatcher,Budgen,,Assistant Whip,Commons Whip; HMT,8/5/1982,Northern Ireland policy,Disagreement,https://www.margaretthatcher.org/document/122573,
Thatcher,Nott,Secretary of State for Defence,SoS,MoD,6/1/1983,Personal,Personal/other,,Y
Thatcher,Parkinson,Secretary of State for Trade,SoS,DTI,11/10/1983,Personal - child with former secretary,Personal/other,https://www.margaretthatcher.org/archive/1983cac3.asp,Y
Thatcher,Mansfield,Earl of Mansfield,MoS,NIO,12/4/1984,Unclear,Unclear,,
Thatcher,Cockfield,Chancellor of the Duchy of Lancaster,SoS,N/A,11/9/1984,Became European Commissioner,Personal/other,https://www.margaretthatcher.org/document/105744,y
Thatcher,Hogg,,Assistant Whip,Commons Whip; HMT,1/10/1984,Unclear,Unclear,,
Thatcher,Eden,Parliamentary Under-Secretary of State for Environment,PUSS,Environment,26/03/1985,Ill health,Personal/other,https://www.nytimes.com/1985/08/21/world/nicholas-eden-earl-of-avon-and-former-aide-to-thatcher.html,
Thatcher,Gow,Minister of State (HM Treasury),MoS,HMT,16/11/1985,Northern Ireland policy,Disagreement,https://www.margaretthatcher.org/document/106174,
Thatcher,Heseltine,Secretary of State for Defence,SoS,MoD,7/1/1986,Westland affair,Disagreement,https://www.margaretthatcher.org/document/106298,Y
Thatcher,Brittan,President of the Board of Trade,SoS,DTI,22/01/1986,Westland affair,Personal/other,https://www.margaretthatcher.org/document/106316,Y
Thatcher,Joseph,Secretary of State for Education and Science,SoS,Department for Education and Science,21/05/1986,Thought fresh voice needed,Personal/other,https://www.margaretthatcher.org/document/106396,y
Thatcher,Havers,Lord Chancellor,SoS,Lord Chancellor department,26/10/1987,Ill health,Personal/other,https://www.margaretthatcher.org/document/106953,y
Thatcher,Whitelaw,Lords Leader,MoS,Privy Council Office,10/1/1988,Ill health,Personal/other,https://www.margaretthatcher.org/document/107145,y
Thatcher,Currie,Parliamentary Under-Secretary (Department of Health),PUSS,DfH,16/12/1988,Salmonella remarks,Personal/other,https://www.margaretthatcher.org/document/107423,
Thatcher,Lawson,Chancellor of the Exchequer,SoS,HMT,29/10/1989,Economic policy,Disagreement,https://www.margaretthatcher.org/document/107805,Y
Thatcher,Fowler,Secretary of State for Employment,SoS,Department for Employment,3/1/1990,Spend more time with family,Personal/other,https://www.margaretthatcher.org/document/107986,y
Thatcher,Walker,Secretary of State for Wales,SoS,Wal,4/5/1990,Unclear,Unclear,https://www.theguardian.com/theguardian/2010/jun/23/lord-walker-of-worcester-obituary,y
Thatcher,Ridley,Secretary of State for Trade,SoS,DTI,13/07/1990,Remarks about Germany and Europe,Standards,https://www.margaretthatcher.org/document/108153,Y
Thatcher,Nicholls,Parliamentary Under-Secretary (Department of Environment),PUSS,Department for the Environment,11/10/1990,Arrest for drink driving,Personal/other,https://www.margaretthatcher.org/document/108215,
Thatcher,Howe,Deputy Prime Minister of the United Kingdom,DPM,CO,1/11/1990,European policy,Disagreement,https://www.margaretthatcher.org/document/108236,Y
Major,Denham,"Captain of the Honourable Corps of Gentlemen-at-Arms (HM Household) (Chief Whip, House of Lords)",Lords Chief Whip,Lords Whip,22/05/1991,Stepped down,Personal/other,https://hansard.parliament.uk/Lords/1991-05-22/debates/73f5cb1f-843c-4393-84f2-da10ea467805/LordDenhamTributes,
Major,Mellor,National Heritage,SoS,DCMS,22/09/1992,Personal - affair,Personal/other,http://news.bbc.co.uk/onthisday/hi/dates/stories/september/24/newsid_2529000/2529115.stm,Y
Major,Forman,Parliamentary Under-Secretary (Department of Education and Science),PUSS,Department for Education and Science,11/12/1992,Personal reasons,Personal/other,https://www.independent.co.uk/news/uk/politics/education-minister-quits-1563092.html,
Major,Mates,Minister of State (Northern Ireland Office),MoS,NIO,24/06/1993,Links with Asil Nadir,Standards,https://www.independent.co.uk/news/mates-thrown-to-media-wolves-tories-blame-serious-fraud-office-campaign-for-resignation-amid-anger-1493604.html,
Major,Hesketh,Chief Whip of the House of Lords Captain of the Honourable Corps of Gentlemen-at-Arms,Chief Whip,Lords Whips,16/09/1993,Unclear,Unclear,https://www.lgcplus.com/ministerial-resignation-and-appointments-house-of-lords/1658241.article,
Major,Yeo,Minister (Department of Environment) (Environment and Countryside),MoS,Department for the Environment,5/1/1994,Personal - child out of wedlock,Personal/other,https://preview.independent.co.uk/news/uk/the-yeo-resignation-mp-hopes-for-end-to-distressing-intrusions-the-letters-1405144.html,
Major,Caithness,Minister of State for Railways and Roads,MoS,DfT,11/1/1994,Personal - death of wife,Personal/other,https://www.heraldscotland.com/news/12702398.another-blow-for-tories-lord-caithness-resigns-after-wifes-death/,
Major,Brown,,Assistant Whip,Commons Whip; HMT,9/5/1994,Personal - alleged homosexual affair,Personal/other,https://www.bbc.co.uk/news/uk-england-36468511,
Major,Smith,Parliamentary Under-Secretary (Northern Ireland Office),PUSS,NIO,20/10/1994,Cash for questions,Standards,https://www.theguardian.com/politics/1994/oct/20/conservatives.uk,
Major,Hamilton,Parliamentary Under-Secretary of State for Corporate Affairs,PUSS,DTI,25/10/1994,Cash for questions,Standards,https://www.theguardian.com/politics/1994/oct/20/conservatives.uk,
Major,Arran,"Deputy Chief Whip of the House of Lords
Captain of the Queen's Bodyguard of the Yeomen of the Guard",Whip,Lords Whip,9/1/1995,Unclear,Unclear,,
Major,Stewart,Parliamentary Under-Secretary (Scottish Office),PUSS,Scottish Office,8/2/1995,Personal - threatening protesters,Standards,https://www.heraldscotland.com/opinion/14954282.obituary-allan-stewart-scottish-tory-mp-whose-troubles-ended-his-career/,
Major,Wardle,Parliamentary Under-Secretary (Department of Trade and Industry),PUSS,DTI,11/2/1995,European/Immigration policy,Disagreement,https://www.independent.co.uk/news/junior-minister-resigns-over-immigration-1572609.html,
Major,Hughes,Parliamentary Secretary (Cabinet Office),PUSS,CO,6/3/1995,Personal - affair,Personal/other,https://www.heraldscotland.com/news/12541827.minister-admits-affair-and-quits-major-pre-empts-scandal-by-accepting-resignation/,
Major,Redwood,Secretary of State for Wales,SoS,Wal,26/06/1995,Leadership challenge,Disagreement,https://www.independent.co.uk/news/tory-leadership-election-redwoods-resignation-letter-to-john-major-1588470.html,Y
Major,Aitken,Chief Secretary to the Treasury,SoS,HMT,5/7/1995,Fight libel action,Standards,https://www.heraldscotland.com/news/12099603.Swashbuckling_cavalier_who_fell_on_his_sword/,Y
Major,Hurd,Foreign Secretary,MoS,HO,5/7/1995,Retirement,Pre-announced,https://www.independent.co.uk/news/the-hurd-resignation-a-broad-vision-darkened-by-politics-1587989.html,y
Major,Baker,Parliamentary Under-Secretary (Home Office),PUSS,HO,17/10/1995,Ill health,Personal/other,https://en.wikipedia.org/wiki/Nicholas_Baker_(politician),
Major,Richards,Under-Secretary of State for Wales,PUSS,Wal,2/6/1996,Personal - affair,Personal/other,https://www.independent.co.uk/news/welsh-minister-quits-over-sex-scandal-1335266.html,
Major,Heathcoat-Amory,HM Paymaster General,MoS,Paymaster General,22/07/1996,European policy,Disagreement,http://www.bbc.co.uk/news/special/politics97/background/pastelec/resign.shtml,
Major,Norris,Parliamentary Under-Secretary of State for Transport,PUSS,DfT,23/07/1996,Personal?,Unclear,https://www.independent.co.uk/news/unrepentant-norris-romps-and-tells-1364752.html,
Major,Eggar,Minister of State (Energy and Industry),MoS,DTI,23/07/1996,Personal?,Unclear,,
Major,Willetts,HM Paymaster General,MoS,CO,11/12/1996,Criticism by Standards and Privileges Cttee,Standards,https://www.independent.co.uk/news/sensation-tory-minister-does-the-decent-thing-1314095.html,
Blair,Foster,Minister of State (Cabinet Office),MoS,CO,4/5/1997,Dissatisfaction with junior post,Personal/other,https://www.independent.co.uk/news/uk/home-news/foster-quits-over-cabinet-post-snub-1260125.html,
Blair,Chisholm,Scottish Local Government and Transport Minister,PUSS,Scottish Office,10/12/1997,Welfare policy,Disagreement,http://news.bbc.co.uk/1/hi/uk/38656.stm,
Blair,Davies,Secretary of State for Wales,SoS,Wal,22/10/1998,Personal - 'moment of madness',Personal/other,http://news.bbc.co.uk/1/hi/uk_politics/204691.stm,Y
Blair,Mandelson,Secretary of State for Trade,SoS,DTI,23/12/1998,Home loan,Personal/other,http://news.bbc.co.uk/1/hi/uk_politics/241464.stm,Y
Blair,Robinson,HM Paymaster General,MoS,CO,23/12/1998,Home loan,Personal/other,http://news.bbc.co.uk/1/hi/uk_politics/241464.stm,
Blair,Hoyle,Lord in Waiting (HM Household) (Whip),Whip,Lords Whip,9/4/1999,Appointment as Warrington Wolves chairman,Personal/other,https://www.lancashiretelegraph.co.uk/news/6127672.From_Lords_to_Rugby_League/,
Blair,Dewar,Secretary of State for Scotland,SoS,Scottish Office,17/05/1999,Became First Minister of Scotland,Personal/other,https://www.theguardian.com/news/2000/oct/12/guardianobituaries.labour,y
Blair,Michael,Secretary of State for Wales,SoS,Wal,27/07/1999,Became First Secretary of Wales,Personal/other,https://www.theguardian.com/politics/2000/feb/09/wales.devolution5,y
Blair,McFall,Parliamentary Under-Secretary of State for Northern Ireland,PUSS,NIO,2/12/1999,Possibly to pursue new challenges,Personal/other,https://www.telegraph.co.uk/finance/economics/2821239/The-rise-of-John-McFall-credit-crisis-key-figure.html,
Blair,Dubs,Parliamentary Under-Secretary (Northern Ireland Office) (Environment and Agriculture),PUSS,NIO,31/12/1999,Unclear,Unclear,https://www.bbc.co.uk/news/uk-36140619,
Blair,Kilfoyle,Parliamentary Under-Secretary of State for Defence,PUSS,CO,30/01/2000,Not best use of energies/disillusionment,Disagreement,https://www.theguardian.com/politics/2000/jan/31/labour.labour1997to991,
Blair,Mandelson,Secretary of State for Northern Ireland,SoS,NIO,24/01/2001,Involvement in passport application,Personal/other,https://www.theguardian.com/politics/2001/jan/24/labour.labour1997to99,Y
Blair,Morgan,Minister of State for Women,MoS,CO,9/11/2001,"Appointment as Director of Political and Government Relations, No 10",Personal/other,https://www.telegraph.co.uk/news/uknews/1362020/Baroness-is-named-as-Blairs-new-aide.html,
Blair,Byers,"Secretary of State for Transport, Local Government and the Regions",SoS,DTLR,28/05/2002,Distraction for government,Personal/other,https://www.theguardian.com/society/2002/may/28/localgovernment.transportintheuk,Y
Blair,Morris,Secretary of State for Education and Skills,SoS,Department for Education and Skills,24/10/2002,Not effective as she wanted to be,Personal/other,https://www.theguardian.com/politics/2002/oct/23/labour.publicservices,Y
Blair,Cook,Leader of the House of Commons,MoS,CO,17/03/2003,Iraq policy,Disagreement,https://www.theguardian.com/politics/2003/mar/17/labour.iraq1,Y
Blair,Lord Hunt,Parliamentary Under-Secretary (Department of Health),PUSS,DfH,18/03/2003,Iraq policy,Disagreement,https://www.digitalhealth.net/2003/03/lord-hunt-resigns-over-iraq/,
Blair,Denham,Minister of State for Policing,MoS,HO,18/03/2003,Iraq policy,Disagreement,http://news.bbc.co.uk/1/hi/england/2860675.stm,
Blair,Short,Secretary of State for International Development,SoS,DfID,12/5/2003,Iraq policy,Disagreement,https://www.theguardian.com/politics/2003/may/12/labour.voluntarysector,Y
Blair,Wills,Parliamentary Under-Secretary (Home Office) (Criminal Justice System IT),PUSS,HO,11/7/2003,European policy (to campaign against CAP),Personal/other,https://www.theguardian.com/politics/2003/jul/12/society.eu,
Blair,Hughes,"Minister of State (Home Office) (Citizenship, Immigration and Counter-Terrorism)",MoS,HO,1/4/2004,Unwittingly' misleading during visa row,Accountability,http://news.bbc.co.uk/1/hi/uk_politics/3589131.stm,
Blair,Smith,Secretary of State for Work and Pensions,SoS,DWP,8/9/2004,More time in constituency/with family,Personal/other,https://www.theguardian.com/politics/2004/sep/06/labour.economy,Y
Blair,Blunkett,Home Secretary,SoS,HO,15/12/2004,Fast-track visa application row,Standards,https://www.theguardian.com/uk/2004/dec/15/davidblunkett.immigrationpolicy1,Y
Blair,Blunkett,Secretary of State for Work and Pensions,SoS,DWP,2/11/2005,Failure to consult jobs watchdog,Standards,https://www.theguardian.com/society/2005/nov/02/money.davidblunkett,Y
Blair,Buck,Parliamentary Under-Secretary (Department for Transport),PUSS,DfT,16/03/2006,"Portfolio unsuited to interests, wanted to work on London Poverty Commission",Personal/other,https://www.theguardian.com/politics/2006/feb/25/uk.labour,
Blair,Watson,Parliamentary Under-Secretary of State for Veterans,PUSS,MoD,6/9/2006,Signed letter calling for resignation date,Disagreement,http://news.bbc.co.uk/1/hi/uk_politics/5320760.stm,
Blair,Sainsbury,Parliamentary Under-Secretary of State for Science and Innovation,PUSS,Department of Trade and Industry (DTI),10/11/2006,Personal reasons,Personal/other,http://news.bbc.co.uk/1/hi/uk_politics/6135666.stm,
Blair,Warner,Minister of State (Department of Health) (NHS Reform),MoS,DfH,4/1/2007,Personal reasons,Personal/other,https://www.digitalhealth.net/2007/01/lord-hunt-returns-as-nhs-it-minister/,
Blair,Griffiths,Commons Dep Leader,MoS,CO,11/3/2007,Trident policy,Disagreement,https://www.theguardian.com/politics/2007/mar/12/immigrationpolicy.military,
Brown,Truscott,,"Lord-in-Waiting
Government Whip",Lords Whip,17/10/2007,Unclear,Unclear,,
Brown,Drayson,"Minister of State (Ministry of Defence) (Defence Equipment and Support) (also Department of Business, Enterprise and Regulatory Reform)",MoS,MoD/BERR,7/11/2007,To race at Le Mans,Personal/other,https://www.theguardian.com/politics/2007/nov/08/uk.topstories3,
Brown,Hain,Secretary of State for Work and Pensions,SoS,DWP,24/01/2008,Campaign donations,Standards,http://news.bbc.co.uk/1/hi/uk_politics/7207346.stm,Y
Brown,McDonagh,,Assistant Whip,Commons Whip; HMT,12/9/2008,Called for leadership contest,Disagreement,https://www.theguardian.com/politics/2008/sep/12/gordonbrown.labour,
Brown,Cairns,Minister of State for Scotland,MoS,Scotland Office,16/09/2008,Called for leadership debate,Disagreement,https://www.telegraph.co.uk/news/politics/labour/2970274/David-Cairns-letter-of-resignation-to-Gordon-Brown-in-full.html,
Brown,Hughes,"Minister of State for Children, Young People and Families",MoS,Education (DCSF),2/6/2009,Personal - 'family circumstances',Pre-announced,https://www.theguardian.com/society/2009/jun/02/beverley-hughes-resignation,Y
Brown,Smith,Home Secretay,SoS,HO,2/6/2009,Personal - anticipating reshuffle,Pre-announced,https://www.theguardian.com/politics/2009/jun/02/darling-hoon-expenses-reshuffle,Y
Brown,Watson,Parliamentary Secretary (Cabinet Office),PUSS,CO,2/6/2009,Personal - toll on family life,Pre-announced,https://www.theguardian.com/politics/2009/jun/02/tom-watson-step-down-controversies,
Brown,Purnell,Secretary of State for Work and Pensions,SoS,DWP,4/6/2009,Loss of faith in PM,Disagreement,http://news.bbc.co.uk/2/hi/uk_news/politics/8084290.stm,Y
Brown,Blears,Secretary of State for Communities and Local Government,SoS,DCLG,5/6/2009,Returning to the grassroots',Pre-announced,https://www.theguardian.com/politics/2009/jun/03/hazel-blears-resignation-statement,Y
Brown,Flint,Minister of State for Europe,MoS,FCO,5/6/2009,Failure to have 'inclusive government',Disagreement,https://www.telegraph.co.uk/news/politics/5454526/Caroline-Flint-resignation-letter-in-full.html,Y
Brown,Kennedy,"Minister of State (Department for Environment, Food and Rural Affairs) (Farming and the Environment)",MoS,Defra,8/6/2009,Undermining of colleagues by Number 10,Disagreement,https://www.theguardian.com/politics/2009/jun/08/jane-kennedy-quits,
Brown,Ussher,Exchequer Secretary to the Treasury,MoS,HMT,15/06/2009,Family reasons in aftermath of expenses row,Personal/other,https://www.telegraph.co.uk/news/newstopics/mps-expenses/labour-mps-expenses/5562961/MPs-expenses-Kitty-Usshers-resignation-letter.html,
Brown,Darzi,Parliamentary Under-Secretary of State for Health,PUSS,DfE,21/07/2009,More time with family and in medicine,Personal/other,https://www.theguardian.com/politics/2009/jul/14/lord-ara-darzi-quit,
Brown,Carter,"Parliamentary Under-Secretary (Department for Culture, Media and Sport) (Communications, Technology and Broadcasting) (also in the Department for Business, Innovation and Skills)",PUSS,BIS/DCMS,21/07/2009,Digital Britain report completed,Personal/other,https://www.theguardian.com/media/2009/jun/12/lord-carter-step-down-summer,
Brown,Malloch-Brown,"Minister of State for Africa, Asia and the UN",MoS,FCO,24/07/2009,Personal and family reasons,Personal/other,http://news.bbc.co.uk/1/hi/uk_politics/8139632.stm,y
Brown,Vadera,"Parliamentary Under-Secretary of State for Business, Innovation and Skills",PUSS,Cabinet Office/BIS,28/09/2009,New role advising G20,Personal/other,http://news.bbc.co.uk/1/hi/uk_politics/8272623.stm,
Cameron,Laws,Chief Secretary to the Treasury,MoS,HMT,29/05/2010,Expenses,Standards,https://www.bbc.co.uk/news/10191673,Y
Cameron,Fox,Secretary of State for Defence,SoS,MoD,14/10/2011,Working relationship with friend,Standards,https://www.bbc.co.uk/news/uk-15311615; https://www.independent.co.uk/news/uk/home-news/liam-fox-breached-ministerial-code-2372167.html,Y
Cameron,Huhne,Secretary of State for Energy and Climate Change,SoS,DECC,3/2/2012,To fight against speeding charges,Personal/other,https://www.bbc.co.uk/news/uk-politics-16870651,Y
Cameron,Mitchell,Commons Chief Whip,PUSS,HMT,19/10/2012,Unable to fulfil duties given 'Plebgate',Personal/other,https://www.bbc.co.uk/news/uk-20012435,Y
Cameron,Strathclyde,Lords Leader,MoS,CO,7/1/2013,Personal - life beyond politics,Personal/other,http://webarchive.nationalarchives.gov.uk/20130203145230/http://www.number10.gov.uk/wp-content/uploads/2013/01/Lord-Strathclyde-Resignation.pdf,Y
Cameron,Harper,Minister of State for immigration,MoS,HO,8/2/2014,Cleaner's right to work in the UK,Standards,https://www.bbc.co.uk/news/uk-politics-26102599,
Cameron,Miller,"Secretary of State for Culture, Media and Sport",SoS,DCMS,9/4/2014,Expenses,Standards,https://www.telegraph.co.uk/news/newstopics/mps-expenses/conservative-mps-expenses/10754033/Maria-Miller-resignation-letter-in-full.html,Y
Cameron,Warsi,Senior Minister of State,MoS,FCO/DCLG,5/8/2014,Gaza policy,Disagreement,https://www.bbc.co.uk/news/uk-politics-28657623,Y
Cameron,Simmonds,Parliamentary Under-Secretary of State for Africa,PUSS,FCO,11/8/2014,Personal,Pre-arranged,https://www.theguardian.com/politics/2014/aug/11/africa-minister-mark-simmonds-resigns,
Cameron,Newmark,Parliamentary Secretary (Cabinet Office),PUSS,CO,27/09/2014,Personal - photos sent to reporter,Personal/other,https://www.bbc.co.uk/news/uk-politics-29396942,
Cameron,Hunter,,Lib Dem Deputy Chief Whip,HMT,14/10/2014,Prioritising consituency,Personal/other,https://www.manchestereveningnews.co.uk/news/greater-manchester-news/cheadle-mp-mark-hunter-steps-7931603,
Cameron,Baker,Minister of State for Crime Prevention,MoS,HO,4/11/2014,Difficulty being only Lib Dem in Home Office,Disagreement,https://www.independent.co.uk/news/uk/politics/norman-baker-resignation-the-letters-i-am-proud-to-have-served-in-your-team-9837195.html,
Cameron,Willott,,Assistant Whip,Commons Whip,4/11/2014,Prioritising consituency,Personal/other,https://www.bbc.co.uk/news/uk-wales-politics-29898345,
Cameron,Shapps,Minister of State for International Development,MoS,DfID,28/11/2015,Alleged misbehaviour by officials while party chair,Accountability,https://www.theguardian.com/politics/2015/nov/28/grants-shapps-resignation-letter-reasons-stepping-down,
Cameron,Duncan Smith,Secretary of State for Work and Pensions,SoS,DWP,19/03/2016,Welfare policy,Disagreement,https://www.bbc.co.uk/news/uk-politics-35848891,Y
Cameron,Maude,Minister of State for Trade and Investment,MoS,BEIS/FCO,11/4/2016,"Personal - had not wanted to stay in govt for much longer, right time to hand over",Personal/other,https://www.gov.uk/government/news/lord-maude-resignation-letter-and-pms-response,
May,O'Neill,Commercial Secretary to the Treasury,PUSS,HMT,23/09/2016,Work on antimicrobial resistance at an end,Personal/other,https://www.bbc.co.uk/news/uk-politics-37449627,
May,Dunlop,Parliamentary Under-Secretary of State for Scotland and Northern Ireland,PUSS,Scotland Office,10/6/2017,Good moment' after electoral success,Pre-announced,https://www.bbc.co.uk/news/uk-scotland-glasgow-west-40233030,
May,Bridges,Parliamentary Under-Secretary of State for Exiting the European Union,PUSS,DExEU,12/6/2017,European policy,Disagreement,https://www.ft.com/content/273fb412-503f-11e7-a1f2-db19572361bb,
May,Price,Minister of State for Trade Policy,MoS,DIT,3/9/2017,To pursue writing and business interests,Personal/other,https://www.politicshome.com/news/europe/eu-policy-agenda/trade/news/88663/lord-price-resigns-international-trade-minister,
May,Anelay,Minister of State for Exiting the European Union,MoS,DExEU,27/10/2017,Worsening of an injury,Personal/other,https://www.gov.uk/government/news/baroness-anelays-resignation-letter-and-prime-ministers-response,
May,Fallon,Secretary of State for Defence,SoS,MoD,1/11/2017,Fallen below high standards' in wake of harrassment allegations,Standards,https://www.independent.co.uk/news/uk/politics/michael-fallon-resigns-letter-read-in-full-theresa-may-tory-defence-secretary-a8032371.html,Y
May,Pincher,,Assistant Whip,Commons Whips,5/11/2017,Referred self to police/party complaints procedure,Temporary,https://www.standard.co.uk/news/politics/tory-whip-chris-pincher-resigns-and-refers-himself-to-police-over-behaviour-allegations-a3676996.html,
May,Patel,Secretary of State for International Development,SoS,DfID,8/11/2017,Unofficial political meetings while on holiday,Standards,https://www.theguardian.com/politics/2017/nov/08/priti-patels-resignation-letter-and-theresa-mays-response-in-full,Y
May,Green,Minister for the Cabinet Office,MoS,CO,20/12/2017,Breach of ministerial code,Standards,https://www.gov.uk/government/publications/damian-greens-resignation-letter-and-the-prime-ministers-response,Y
May,Rudd,Home Secretary,MoS,HO,29/04/2018,Inadvertently misleading select committee (Windrush),Standards,https://www.bbc.co.uk/news/uk-politics-43944710,Y
May,Lee,"Parliamentary Under-Secretary of State for Victims, Youth and Family Justice",PUSS,MoJ,12/6/2018,European policy,Disagreement,http://www.phillip-lee.com/uncategorized/ministerial-resignation-statement/,
May,Hands,Minister of State for Trade Policy,MoS,DIT,21/06/2018,Heathrow policy,Disagreement,https://www.gov.uk/government/publications/greg-hands-resignation-letter-and-the-prime-ministers-response,
May,Davis,Secretary of State for Exiting the European Union,SoS,DExEU,8/7/2018,European policy,Disagreement,https://www.bbc.co.uk/news/uk-politics-44761416,Y
May,B Johnson,Secretary of State for Foreign and Commonwealth Affairs,MoS,FCO,9/7/2018,European policy,Disagreement,https://www.bbc.co.uk/news/uk-politics-44772804,Y
May,Baker,Parliamentary Under-Secretary of State for Exiting the European Union,PUSS,Exiting the EU,9/7/2018,European policy,Disagreement,https://brexitcentral.com/full-text-steve-bakers-resignation-letter-theresa-mays-reply/,
May,Griffiths,"Parliamentary Under-Secretary of State for Small Business, Consumers and Corporate Responsibility",PUSS,BEIS,13/07/2018,Personal - texts to constituents,Standards,https://www.bbc.co.uk/news/uk-44833946,
May,Bebb,Parliamentary Under-Secretary of State for Defence Procurement,PUSS,MoD,16/07/2018,European policy,Disagreement,https://www.bbc.co.uk/news/uk-wales-politics-44854892,
May,Crouch,"Parliamentary Under-Secretary of State
for Sport, Civil Society and Loneliness",MoS,DCMS ,1/11/2018,Gambling policy (FOBTs),Disagreement,https://twitter.com/tracey_crouch/status/1058053597399789568,
May,J Johnson,Minister of State for Transport,MoS,DfT,9/11/2018,European policy,Disagreement,https://twitter.com/JoJohnsonUK/status/1060921616937443328,
May,Vara,Minister of State for Northern Ireland,MoS,NIO,15/11/2018,European policy,Disagreement,https://twitter.com/ShaileshVara/status/1062971538977234944,
May,Raab,Secretary of State for Exiting the European Union,SoS,DExEU,15/11/2018,European policy,Disagreement,https://twitter.com/DominicRaab/status/1062992019449098241,Y
May,McVey,Secretary of State for Work and Pensions,SoS,DWP,15/11/2018,European policy,Disagreement,https://twitter.com/EstherMcVey1/status/1063008263225126912,Y
May,Braverman,Parliamentary Under-Secretary of State for Exiting the European Union,PUSS,DExEU,15/11/2018,European policy,Disagreement,https://twitter.com/SuellaBraverman/status/1063014302142083073,
May,Gyimah,"Minister of State for Universities, Science, Research and Innovation",MoS,DfE/BEIS,30/11/2018,European policy,Disagreement,https://twitter.com/SamGyimah/status/1068639039023210496,
May,O'Shaughnessy,Parliamentary Under-Secretary of State for Health,PUSS,DHSC; Lords whip,20/12/2018,Family reasons (announced 20 December 2018 for late December),Personal/other,https://twitter.com/jamesosh/status/1075862020933763074,
May,G Johnson,,Assistant Whip,Commons Whips,14/1/2019,European policy,Disagreement,https://twitter.com/alexwickham/status/1084800663895318533,
May,Eustice,"Minister of State for Agriculture, Fisheries and Food",MoS,Defra,28/2/2019,European policy,Disagreement,https://twitter.com/nickeardleybbc/status/1101130111179517954,
May,Newton,"Minister of State for Disabled People, Work and Health",MoS,DWP,13/3/2019,European policy,Disagreement,https://twitter.com/SNewtonUK/status/1105967832108621824,
May,Harrington,Parliamentary Under-Secretary of State for Business and Industry,PUSS,BEIS,25/3/2019,European policy,Disagreement,https://twitter.com/Richard4Watford/status/1110302682835759106,
May,Brine,Parliamentary Under-Secretary of State for Public Health and Primary Care,PUSS,DHSC,25/3/2019,European policy,Disagreement,https://www.conservativehome.com/thetorydiary/2019/03/brine-burt-and-harrington-resign-to-vote-for-the-letwin-amendment.html,
May,Burt,Minister of State for International Development,MoS,Foreign Office/International Dev,25/3/2019,European policy,Disagreement,https://www.alistair-burt.co.uk/news/press-statement-260319,
May,Adams,Parliamentary Under-Secretary of State for Wales,PUSS,Wales Office and Whip,3/4/2019,European policy,Disagreement,https://twitter.com/nadams/status/1113359638769164289,
May,Heaton-Harris,Parliamentary Under-Secretary of State for Exiting the European Union,PUSS,DExEU,3/4/2019,European policy,Disagreement,https://twitter.com/chhcalling/status/1113456229232381953,
May,Bates,Minister of State for International Development,MoS,DFID,23/4/2019,"Personal - natural break in flow of legislation, focus on unifying the country",Personal/other,https://twitter.com/BatesLord/status/1120750271515246596,
May,Williamson,Secretary of State for Defence,SoS,MoD,1/5/2019,Sacked following leak inquiry,Sacked,https://www.bbc.co.uk/news/uk-48126671,Y
May,Manzoor,,Government Whip Baroness-in-waiting,Lords whip,7/5/2019,Personal circumstances,Personal/other,https://www.gov.uk/government/publications/baroness-manzoors-resignation-letter-and-the-prime-ministers-response--2,
May,Fairhead,Minister of State for Trade and Export Promotion,MoS,DIT,7/5/2019,"Agreed term at an end, returning to private sector",Personal/other,https://www.gov.uk/government/publications/baroness-fairheads-resignation-letter-and-the-prime-ministers-response,
May,Leadsom,Leader of the Commons,MoS,CO,22/5/2019,European policy,Disagreement,https://twitter.com/andrealeadsom/status/1131267480742236160,Y
May,James,Minister of State for Digital and Creative Industries,MoS,DCMS,18/7/2019,European policy,Disagreement,https://twitter.com/margot_james_mp/status/1152212402626334720,
May,Duncan,Minister of State for Europe and the Americas,MoS,FCO,22/7/2019,Political disagreement,Pre-announced,https://twitter.com/AlanDuncanMP/status/1153238110475554821,
May,Milton,Minister of State for Skills and Apprenticeships,MoS,DfE,23/7/2019,European policy,Pre-announced,https://twitter.com/AnneMilton/status/1153609155489468417,
Johnson,Young,,"Lord-in-waiting
Government Whip",Lords Whips,29/8/2019,Prorogation,Disagreement,https://twitter.com/BBCNormanS/status/1167007476727898112,
Johnson,J Johnson,"inister of State for Universities, Science, Research and Innovation",MoS,DfE/BEIS,5/9/2019,'Torn between family loyalty and the national interest',Disagreement/Personal,https://twitter.com/JoJohnsonUK/status/1169555292918571008,Y
Johnson,Rudd,Secretary of State for Work and Pensions,SoS,DWP,7/9/2019,European policy,Disagreement,https://twitter.com/AmberRuddHR/status/1170429481879842817,Y
Johnson,Cairns,Secretary of State for Wales,SoS,Wales,6/11/2019,"Allegations against a party employee, Ministerial Code investigation",Standards,https://twitter.com/AlunCairns/status/1192052284806565888,Y
Johnson,Burns,Minister of State for Trade Policy,MoS,DIT,4/5/2020,Following report by Parliamentary Commissioner for Standards,Standards,"https://twitter.com/ConorBurnsUK/status/1257255400929480704, https://www.parliament.uk/business/committees/committees-a-z/commons-select/standards/news-parliament-2017/conor-burns-report-published-19-21/",
Johnson,Ross,Parliamentary Under-Secretary of State for Scotland,PUSS,Scotland Office,26/5/2020,Dominic Cummings story,Disagreement,https://twitter.com/Douglas4Moray/status/1265196839231533057,
Johnson,Clarke,"Ministry of Housing, Communities and Local Government",MoS,DLUHC,8/9/2020,Personal reasons,Personal/other,https://twitter.com/SimonClarkeMP/status/1303311953042067457,
Johnson,Keen,Advocate General for Scotland,MoS,Laws Office,16/9/2020,Difficulties reconciling overriding Withdrawal Agreement with the law,Disagreement,https://twitter.com/GlennBBC/status/1306277957149786115?s=20,
Johnson,Sugg,Parliamentary Under-Secretary of State for Overseas Territories and Sustainable Development,PUSS,FCDO,25/11/2020,Disagreed on cut to international aid,Disagreement,https://twitter.com/liz_sugg/status/1331619532687945730,
Johnson,Tolhurst,"Ministry of Housing, Communities and Local Government ",PUSS,DLUHC,16/01/21,Personal reasons,Personal/other,https://twitter.com/KellyTolhurst/status/1350540929762004993?s=20,
Johnson,Mercer,Minister for Veterans,PUSS,MoD and CO,20/04/21,Sacked following threat to resign over Overseas Ops Bill,Sacked,https://twitter.com/JohnnyMercerUK/status/1384572401179144193?s=20,
Johnson,Hancock,Secretary of state for health and social care,SoS,DHSC,26/06/21,Resigned after affair with NED Gina Coladangelo came to light,Standards,https://www.gov.uk/government/publications/matt-hancocks-resignation-letter-and-the-prime-ministers-response,Y
Johnson,Brokenshire,Minister of state for security,MoS,HO,7/7/2021,Personal reasons - illness,Personal/other,https://www.gov.uk/government/publications/exchange-of-letters-between-pm-and-james-brokenshire,
Johnson,Frost,Minister of State for Cabinet Office,MoS,CO,18/12/21,Leak of departure plan and disagreement over Brexit and covid,Disagreement,https://www.gov.uk/government/publications/lord-frosts-resignation-letter-and-the-prime-ministers-response?utm_medium=email&utm_campaign=govuk-notifications&utm_source=bb9fdfd7-d4f6-470a-b935-4fb5854b8da8&utm_content=immediately,Y
Johnson,Agnew,Minister for Efficiency and Transformation,MoS,CO,24/1/22,Criticism of HMT's and BEIS's approach to dealing with covid fraud,Disagreement,https://www.bbc.co.uk/news/uk-politics-60117513,
Johnson,Wolfson,Parliamentary Under-Secretary of State for Justice,PUSS,MoJ,14/4/22,Standards - partygate,Disagreement,https://twitter.com/DXWQC/status/1514280176636633090?s=20&t=o4QqM9olV92p9yKsdJQzjw,
Johnson,Dowden,Party chair and minister without portfolio,MoS,CO,24/06/22,By-election result,Disagreement,https://twitter.com/OliverDowden/status/1540191893258207232?s=20&t=clerKOm2jLwbOnJtMTovLw,Y
Johnson,Pincher,Deputy chief whip ,Whip,Commons Whips,1/7/2022,Allegations of misconduct,Standards,https://www.bbc.co.uk/news/uk-politics-62002088,
Johnson,Javid,Health secretary,SoS,DHSC,5/7/2022,PM management of standards,Disagreement,https://twitter.com/sajidjavid/status/1544366218789937152?s=20&t=kTIDg9kedAgXDq1oU2I1oQ,Y
Johnson,Sunak,Chancellor of the Exchequer,SoS,HMT,5/7/2022,PM management of standards,Disagreement,https://twitter.com/RishiSunak/status/1544368323625947137?s=20&t=kTIDg9kedAgXDq1oU2I1oQ,Y
Johnson,Chalk,Solicitor General ,MoS,AGO,5/7/2022,PM management of standards,Disagreement,https://twitter.com/AlexChalkChelt/status/1544437737771655169?s=20&t=WXs2WZhshMl-16ZlBHJemQ,
Johnson,Quince,Min for Children and Families,PUSS,DfE,6/7/2022,PM management of standards,Disagreement,https://twitter.com/willquince/status/1544583312353673217?s=20&t=WXs2WZhshMl-16ZlBHJemQ,
Johnson,Walker,Min for School Standards,MoS,DfE,6/7/2022,PM management of standards,Disagreement,https://twitter.com/WalkerWorcester/status/1544603001670746112?s=20&t=rizYWSGAINIb3h9NJOZGOw,
Johnson,Glen,Economic Secretary,MoS,HMT,6/7/2022,PM management of standards,Disagreement,https://twitter.com/JohnGlenUK/status/1544623825307959300?s=20&t=N-9DE8lbE1NS0MHGoJs5dg,
Johnson,Atkins,Minister for prisons and probation,MoS,MoJ,6/7/2022,PM management of standards,Disagreement,https://twitter.com/BethRigby/status/1544631081894400000?s=20&t=CIaz0kOwo7BPkdW-bBayyQ,
Johnson,Churchill,Parliamentary Under-Secretary of State for Agri-Innovation and Climate Adaptation,PUSS,Defra,6/7/2022,PM management of standards,Disagreement,https://twitter.com/Jochurchill_MP/status/1544637770169307137?s=20&t=CIaz0kOwo7BPkdW-bBayyQ,
Johnson,Andrew,Minister for Housing ,MoS,DLUHC,6/7/2022,PM management of standards,Disagreement,https://twitter.com/StuartAndrew/status/1544647660027760641?s=20&t=q3g1yD9YiOmzTnMj68cF8A,
Johnson,Badenoch,"Minister of State for Local Government, Faith and Communities",MoS,DLUHC,6/7/2022,PM management of standards,Disagreement,https://twitter.com/KemiBadenoch/status/1544673839363268616?s=20&t=WklwPUNDEeGXpG6pg2yiog,
Johnson,O'Brien,Minister,PUSS, DLUHC,6/7/2022,PM management of standards,Disagreement,https://twitter.com/KemiBadenoch/status/1544673839363268616?s=20&t=WklwPUNDEeGXpG6pg2yiog,
Johnson,Burghart,Parliamentary Under-Secretary of State for Apprenticeships and Skills,PUSS,DfE,6/7/2022,PM management of standards,Disagreement,https://twitter.com/KemiBadenoch/status/1544673839363268616?s=20&t=WklwPUNDEeGXpG6pg2yiog,
Johnson,Rowley,Parliamentary Under-Secretary of State for Business and Industry,PUSS,BEIS,6/7/2022,PM management of standards,Disagreement,https://twitter.com/KemiBadenoch/status/1544673839363268616?s=20&t=WklwPUNDEeGXpG6pg2yiog,
Johnson,Lopez,"Minister of State for Media, Data, and Digital Infrastructure",MoS,DCMS,6/7/2022,PM management of standards,Disagreement,https://twitter.com/KemiBadenoch/status/1544673839363268616?s=20&t=WklwPUNDEeGXpG6pg2yiog,
Johnson,Davies,Employment minister,PUSS,DWP,6/7/2022,PM management of standards,Disagreement,https://twitter.com/mimsdavies/status/1544674148080910338?s=20&t=6e_SIQQi3AXa1PWB5Ebn5Q,
Johnson,Maclean,Minister,PUSS,Home Office,6/7/2022,PM management of standards,Disagreement,https://twitter.com/redditchrachel/status/1544692210070962177,
Johnson,Freer,Minister,PUSS,DIT,6/7/2022,PM management of standards,Disagreement,https://www.mikefreer.com/news/resignation-government,
Johnson,Hart,Secretary of State for Wales,SoS,Wales,6/7/2022,PM management of standards,Disagreement,https://twitter.com/Simonhartmp/status/1544796759645454342?s=20&t=lH4HPK1GRXwMIobZMjNOuw,Y
Johnson,Argar,Minister of state for health,MoS,DHSC,6/7/2022,PM management of standards,Disagreement,https://twitter.com/SkyNews/status/1544801040301686784?s=20&t=0n-201PofIVkbbNTunVkEg,
Johnson,Gove,Secretary of state for levelling up,SoS,DLUHC,6/7/2022,Sacked for disloyalty,Sacked,https://www.theguardian.com/politics/2022/jul/06/michael-gove-sacked-for-disloyalty-allies-reveal-how-it-happened,Y
Johnson,Lewis,Secretary of State for Northern Ireland,SoS,NIO,7/7/2022,PM management of standards,Disagreement,https://twitter.com/BrandonLewis/status/1544921034368901122?s=20&t=BCBkqMnRGblHx_xzmknh-A,Y
Johnson,Whateley,Exchequer Secretary,MoS,HMT,7/7/2022,PM management of standards,Disagreement,https://twitter.com/Helen_Whately/status/1544921576449183745?s=20&t=BCBkqMnRGblHx_xzmknh-A,
Johnson,Hinds,Security minister,MoS,HO,7/7/2022,PM management of standards,Disagreement,https://twitter.com/DamianHinds/status/1544928142854340608?s=20&t=BCBkqMnRGblHx_xzmknh-A,
Johnson,Freeman,Minister for Science and Innovation ,PUSS,BEIS,7/7/2022,PM management of standards,Disagreement,https://twitter.com/GeorgeFreemanMP/status/1544929459286966272?s=20&t=BCBkqMnRGblHx_xzmknh-A,
Johnson,Opperman,"Pensions minister, DWP",PUSS,DWP,7/7/2022,PM management of standards,Disagreement,https://twitter.com/GuyOpperman/status/1544936960954884097?s=20&t=WhUe_mbUk9ioE7xM1dvwMg,
Johnson,Philp,Minister for tech and digital economy,PUSS,DCMS,7/7/2022,PM management of standards,Disagreement,https://twitter.com/CPhilpOfficial/status/1544939888931635200?s=20&t=WhUe_mbUk9ioE7xM1dvwMg,
Johnson,Cartlidge,Parliamentary Under-Secretary of State,PUSS,MoJ,7/7/2022,PM management of standards,Disagreement,https://twitter.com/jcartlidgemp/status/1544941714925912065?s=20&t=BCBkqMnRGblHx_xzmknh-A,
Johnson,Donelan,Secretary of State ,SoS,DfE,7/7/2022,PM management of standards,Disagreement,https://twitter.com/michelledonelan/status/1544952139549708288?s=20&t=XrVmMf2qzeXmdL68dP_f2w,Y
Johnson,Pow,Nature Recovery and the Domestic Environment,PUSS,Defra,7/7/2022,PM management of standards,Disagreement,https://twitter.com/pow_rebecca/status/1544972793430810624?s=20&t=XrVmMf2qzeXmdL68dP_f2w,
Johnson,Greenhalgh,Minister for Building Safety and Fire,MoS,DLUHC,8/7/2022,Resigned after Johnson announced resignation ,Personal/other,https://twitter.com/team_greenhalgh/status/1545418753319510016?s=20&t=6YfD1yJ_8xrQoLNytaDijw,
Johnson,Grimstone,Minister for Investment,MoS,DIT,8/7/2022,Resigned after Johnson announced resignation ,Personal/other,https://news.sky.com/story/johnson-ally-lord-grimstone-quits-role-as-investment-minister-12648061,
Johnson,Harrington,Minister for Refugees,MoS,HO,6/9/2022,Considered role complete ,Personal/other,https://twitter.com/Richard4Watford/status/1566416596398227459?s=20&t=pNlMha7_wdc7K-wZvDQMPw,
Truss,Burns,Minister of state for trade policy,MoS,DIT,7/10/2022,Sacked after allegations of misconduct,Sacked,https://www.bbc.co.uk/news/uk-politics-63187793,
Truss,Kwarteng,Chancellor of the Exchequer,SoS,HMT,14/10/22,Sacked after mini budget caused market turmoil,Sacked,https://twitter.com/KwasiKwarteng/status/1580892129630777346?s=20&t=CpqMuCInnE4DMs0H_-FQ3Q,Y
Truss,Braverman,Home secretary,SoS,HO,19/10/22,Sacked (forced resignation) - ministerial code,Sacked,https://www.thesun.co.uk/news/politics/20162025/suella-braverman-sacked-as-home-secretary/,Y
Sunak,Williamson,Minister without portfolio,MoS,CO,9/11/2022,Resigned after allegations of misbehaviour,Standards,https://twitter.com/GavinWilliamson/status/1590074499889696768?s=20&t=tGQBna6rIj774db2ueGBSA,
Sunak,Stedman-Scott,PUSS,PUSS,DWP,1/1/2023,Personal reasons,Personal/other,https://www.cityam.com/work-and-pensions-minister-quits-for-personal-reasons/,
Sunak,Zahawi,Minister without portfolio (party chair),SoS,CO,29/1/23,Sacked - breach of ministerial code,Sacked,https://www.gov.uk/government/publications/advice-from-the-independent-adviser-on-ministers-interests-january-2023,Y
Sunak,Raab,"Secretary of State for Justice, Lord Chancellor, and Deputy PM",SoS,MoJ,21/04/23,Resigned following outcome of bullying investigation,Standards,https://twitter.com/DominicRaab/status/1649334236216713219,Y
Sunak,Bloomfield,Baroness in Waiting (Lords Whip),Whip,Whip,2/6/2023,Unknown,Personal/other,https://www.gov.uk/government/news/ministerial-appointments-june-2023,
Sunak,Goldsmith,"Minister for Overseas Territories, Commonwealth, Energy, Climate and Environment",PUSS?,FCDO,30/06/23,Disagreement with PM's policy on climate and environment,Disagreement,https://twitter.com/ZacGoldsmith/status/1674687701834932227?s=20,
Sunak,Wallace,Secretary of state for defence,SoS,MoD,31/08/23,Resigned to focus on family and personal life,Personal/other,https://www.gov.uk/government/publications/ben-wallaces-resignation-letter-and-the-prime-ministers-response-31-august-2023?utm_medium=email&utm_campaign=govuk-notifications-topic&utm_source=dabcb792-8c9f-415a-91fc-84c2039b9b63&utm_content=immediately,Y
Sunak,Davison,Parliamentary under secretary of state for levelling up,PUSS,DLUHC,18/09/23,Ill health,Personal/other,https://x.com/DehennaDavison/status/1703733129133838727?s=20,
Sunak,Jenrick,Minister for Immigration,MoS,HO,6/12/2023,Disagreement over immigration policy,Disagreement,https://twitter.com/RobertJenrick/status/1732481602158985424,Y (attending) 
Sunak,Heappey,"Minister for Armed Forces",MoS,MoD,26/03/24,Personal reasons,Personal/other,https://x.com/JSHeappey/status/1772653739628802316?s=20,
Sunak,Halfon,"Minister for Skills, Apprenticeships and Higher Education",MoS,DfE,26/03/24,Stepped down,Personal/other,https://twitter.com/halfon4harlowmp/status/1772654962872398035,
Sunak,Stuart,Minister of State for Energy Security and Net Zero,MoS,DESNZ,12/4/2024,Stepped down to focus on his seat ahead of the election,Personal/other,https://x.com/grahamstuart/status/1778801688427516374,
Sunak,Edwards,Assistant Whip (HM Treasury),Whip,Whip,25/04/24,To focus on constituency,Personal/other,https://twitter.com/HughCasswell/status/1783557398717763857,
Starmer,Haigh,Secretary of state for transport,SoS,DfT,28/11/24,Past criminal conviction,Standards,https://x.com/BethRigby/status/1862382399268508150,Y
Starmer,Siddiq,Economic secretary to the Treasury,PUSS,HMT,13/01/25,Allegations over family finances,Standards,https://www.bbc.co.uk/news/articles/clyk2e7x42zo,
Starmer,Gwynne,Minister for public health and prevention,PUSS,DHSC,08/02/25,Offensive language used in WhatsApp group,Sacked,https://www.bbc.co.uk/news/articles/c5y7zperkelo,
Starmer,Cryer,Lord in Waiting (Lords Whip),Whip,Whip,14/02/25,Unknown,Personal/other,https://www.gov.uk/government/people/john-cryer,
Starmer,Dodds,Minister for Development,MoS,FCDO,28/02/25,Disagreement over cuts to the aid budget,Disagreement,https://www.bbc.co.uk/news/articles/cpv44982jlgo,
Starmer,Hunt,Minister for Energy Security and Net Zero,MoS,DESNZ,22/05/25,Retirement,Personal/other,https://www.gov.uk/government/news/ministerial-appointment-22-may-2025,
Starmer,Curran,Minister for Energy Security and Net Zero,MoS,DESNZ,06/06/25,Health reasons,Personal/other,https://www.lbc.co.uk/politics/uk-politics/government-newest-minister-leaves-job/,
Starmer,Foxcroft,Lord Commissioner (Whip),Whip,Whip,19/06/25,Cuts to disability benefits,Disagreement,https://bsky.app/profile/vickyfoxcroftmp.bsky.social/post/3lryayp7pzc2f,
Starmer,Moraes,Lord in Waiting (Lords Whip),Whip,Whip,22/07/25,,Personal/other,https://www.gov.uk/government/news/appointment-22-july-2025,
Starmer,Ali,Parliamentary Under-Secretary of State for Homelessness and Democracy,PUSS,MHCLG,07/08/25,Resigned after it was reported that she evicted tenants to raise rent ,Personal/other,https://www.bbc.co.uk/news/articles/clyd3l2x2n8o,
Starmer,Rayner,"Deputy prime minister &  Secretary of State for Housing, Communities and Local Government.",SoS,MHCLG,05/09/25,Resigned after referral to the independent adviser on failing to pay correct stamp duty on a property,Standards,https://www.bbc.co.uk/news/live/c0lk8ye1979t,
Starmer,Gustafsson,Minister for Investment,MoS,DBT & HMT,05/10/25,,Personal/other,https://www.politico.eu/article/uk-investment-minister-quits/,
Starmer,Simons,Parliamentary under-secretary of state in DSIT and the Cabinet Office,PUSS,DSIT & CO,28/02/26,Over reports that the thinktank he used to run paid a PR firm to investigate journalists' backgrounds,Personal/other,https://www.bbc.co.uk/news/articles/cq6q0l9e7plo,
Starmer,Dalton,Parliamentary under-secretary of state for public health and prevention,PUSS,DHSC,02/03/26,Health reasons,Personal/other,https://www.thetimes.com/uk/politics/article/ashley-dalton-resigns-health-breast-cancer-cnfdd0zt2,
Starmer,Fahnbulleh,"Minister for devolution, faith and communities",PUSS,MHCLG,12/05/26,Lost confidence in the prime minister,Disagreement,"(1) Miatta Fahnbulleh on X: ""This morning I sent my letter of resignation to the Prime Minister. I urge the Prime Minister to do the right thing for the country and the Party and set a timetable for an orderly transition. https://t.co/u5UArjv7uR"" / X",
Starmer,Phillips,Minister for safeguarding and violence against women and girls,PUSS,HO,12/05/26,Lost confidence in the prime minister,Disagreement,"(1) Beth Rigby on X: ""EXCLUSIVE: Jess Phillips, safeguarding minister, resigns from govt. “The desire not to have an argument means we rarely make an argument..."" https://t.co/cC6hGFL1Rl"" / X",
Starmer,Davies-Jones,Minister for victims and tackling violence against women and girls,PUSS,MOJ,12/05/26,Lost confidence in the prime minister,Disagreement,(1) alex davies-jones - Search / X,
Starmer,Ahmed,Minister for health innovation and safety ,PUSS,DHSC,12/05/26,Lost confidence in the prime minister,Disagreement,"(1) Pippa Crerar on X: ""EXCL: Zubir Ahmed, health minister and another close ally of Wes Streeting, quits calling for Keir Starmer to step aside. Feels like the Streeting bid could be on. https://t.co/NcJN7djnao"" / X",